index,input_url,scanner_input,result,score,description,error
3,serviciosbys.com/paypal.cgi.bin.get-into.herf.secure.dispatch35463256rzr321654641dsf href/href/href/secure/center/update/limit/seccure/4d7a1ff5c55825a2e632a679c2fd5353/,https://serviciosbys.com/paypal.cgi.bin.get-into.herf.secure.dispatch35463256rzr321654641dsf href/href/href/secure/center/update/limit/seccure/4d7a1ff5c55825a2e632a679c2fd5353/,SUSPICIOUS,18,18% suspicious - Invalid or incomplete link,
10,horizonsgallery.com/js/bin/ssl1/_id/www.paypal.com/fr/cgi-bin/webscr/cmd=_registration-run/login.php?cmd=_login-run&dispatch=1471c4bdb044ae2be9e2fc3ec514b88b1471c4bdb044ae2be9e2fc3ec514b88b,https://horizonsgallery.com/js/bin/ssl1/_id/www.paypal.com/fr/cgi-bin/webscr/cmd=_registration-run/login.php?cmd=_login-run&dispatch=1471c4bdb044ae2be9e2fc3ec514b88b1471c4bdb044ae2be9e2fc3ec514b88b,SUSPICIOUS,50,50% suspicious - Contains risky words,
12,docs.google.com/spreadsheet/viewform?formkey=dE5rVEdSV2pBdkpSRy11V3o2eDdwbnc6MQ,https://docs.google.com/spreadsheet/viewform?formkey=dE5rVEdSV2pBdkpSRy11V3o2eDdwbnc6MQ,SAFE,0,Safe link,
14,www.henkdeinumboomkwekerij.nl/language/pdf_fonts/smiles.php,https://www.henkdeinumboomkwekerij.nl/language/pdf_fonts/smiles.php,SAFE,6,6% safe - Targets dynamic script endpoint,
16,lingshc.com/old_aol.1.3/?Login=&Lis=10&LigertID=1993745&us=1,https://lingshc.com/old_aol.1.3/?Login=&Lis=10&LigertID=1993745&us=1,SUSPICIOUS,28,28% suspicious - Contains risky words,
22,optimistic-pessimism.com/aoluserupdatealert.info.htm,https://optimistic-pessimism.com/aoluserupdatealert.info.htm,SUSPICIOUS,12,12% suspicious - Contains risky words,
27,jameshowardmusic.com/wp-content/themes/widescreen/includes/cache/bbnew/bb.php,https://jameshowardmusic.com/wp-content/themes/widescreen/includes/cache/bbnew/bb.php,SUSPICIOUS,11,11% suspicious - URL length is moderately high,
28,xini.eu/00Qe,https://xini.eu/00Qe,SAFE,4,4% safe,
32,horizonsgallery.com/js/bin/ssl/_id/www.paypal.com/fr/cgi-bin/webscr/cmd=_registration-run/login.php?cmd=_login-run&dispatch=7adb89899b4614aec6715340ae31adce7adb89899b4614aec6715340ae31adce,https://horizonsgallery.com/js/bin/ssl/_id/www.paypal.com/fr/cgi-bin/webscr/cmd=_registration-run/login.php?cmd=_login-run&dispatch=7adb89899b4614aec6715340ae31adce7adb89899b4614aec6715340ae31adce,SUSPICIOUS,50,50% suspicious - Contains risky words,
35,promusic.co/components/interbank.com/,https://promusic.co/components/interbank.com/,SUSPICIOUS,12,12% suspicious - Contains risky words,
37,docs.google.com/a/unmsm.edu.pe/spreadsheet/viewform?formkey=dEZoOXQwTzFkaUJCRTdhVlA3,https://docs.google.com/a/unmsm.edu.pe/spreadsheet/viewform?formkey=dEZoOXQwTzFkaUJCRTdhVlA3,SAFE,0,Safe link,
41,stthomasedu.ucoz.ua/microsoft.htm,https://stthomasedu.ucoz.ua/microsoft.htm,SAFE,4,4% safe,
44,tinyurl.com/bswqloj,https://tinyurl.com/bswqloj,SUSPICIOUS,15,15% suspicious - Uses a shortened link,
48,westerncentermuseum.org/plugins/tmp/sp.php,https://westerncentermuseum.org/plugins/tmp/sp.php,SAFE,6,6% safe - Targets dynamic script endpoint,
51,trigononline.com/Support.php,https://trigononline.com/Support.php,SAFE,6,6% safe - Targets dynamic script endpoint,
52,docs.google.com/spreadsheet/viewform?formkey=dG9xR28xLUp1R2JPbmpRYjFGc2lmanc6MQ,https://docs.google.com/spreadsheet/viewform?formkey=dG9xR28xLUp1R2JPbmpRYjFGc2lmanc6MQ,SAFE,0,Safe link,
56,tinyurl.com/c5br4qc,https://tinyurl.com/c5br4qc,SUSPICIOUS,19,19% suspicious - Uses a shortened link,
57,www.allandmedia.com/opencart/system/Cielo/index.html,https://www.allandmedia.com/opencart/system/Cielo/index.html,SAFE,4,4% safe,
59,www.russel.sk/menuonlineprivado/,https://www.russel.sk/menuonlineprivado/,SAFE,4,4% safe,
60,www.bpoaccess.com/components/com_newsfeeds/cadastro.php,https://www.bpoaccess.com/components/com_newsfeeds/cadastro.php,SAFE,6,6% safe - Targets dynamic script endpoint,
63,apajufe.com.br/www.cielo.com.br/index.php,https://apajufe.com.br/www.cielo.com.br/index.php,SUSPICIOUS,10,10% suspicious - URL has many dot segments,
64,distritabas.com.ar/survey/webscr.php?cmd=_login-run&dispatch=5885d80a13c0db1f1ff80d546411d7f8,https://distritabas.com.ar/survey/webscr.php?cmd=_login-run&dispatch=5885d80a13c0db1f1ff80d546411d7f8,SUSPICIOUS,31,31% suspicious - Contains risky words,
67,www.dd.gostynin.edu.pl/images/smilies/Gbplugin.php,https://www.dd.gostynin.edu.pl/images/smilies/Gbplugin.php,SAFE,8,8% safe - URL has multiple dot segments,
71,optimalit.co.uk/wp-content/uploads/2012/07/24/review.php,https://optimalit.co.uk/wp-content/uploads/2012/07/24/review.php,SAFE,6,6% safe - Targets dynamic script endpoint,
73,www.wallhome.com/M5.php,https://www.wallhome.com/M5.php,SAFE,6,6% safe - Targets dynamic script endpoint,
77,docs.google.com/a/airtelmail.in/spreadsheet/viewform?formkey=dGt3aG9PNXdhekNLNzZoZ1h2TUFmTUE6MQ,https://docs.google.com/a/airtelmail.in/spreadsheet/viewform?formkey=dGt3aG9PNXdhekNLNzZoZ1h2TUFmTUE6MQ,SAFE,0,Safe link,
84,steamcommunity-giveaway.my3gb.com,https://steamcommunity-giveaway.my3gb.com,SAFE,4,4% safe,
85,steamglfts.h16.ru,https://steamglfts.h16.ru,SAFE,4,4% safe,
86,vk-psich.hut2.ru,https://vk-psich.hut2.ru,SAFE,4,4% safe,
87,vklife.hut2.ru,https://vklife.hut2.ru,SAFE,4,4% safe,
89,tinyurl.com/bsebhuz,https://tinyurl.com/bsebhuz,SUSPICIOUS,15,15% suspicious - Uses a shortened link,
94,tom-burns.com/absa_better_returng/index.php,https://tom-burns.com/absa_better_returng/index.php,SAFE,6,6% safe - Targets dynamic script endpoint,
95,jennys.com.bd/Information/login.php,https://jennys.com.bd/Information/login.php,SUSPICIOUS,16,16% suspicious - Contains risky words,
96,www.danatranslation.com/modules/pp/,https://www.danatranslation.com/modules/pp/,SAFE,4,4% safe,
100,randexpr.com/css/redirect/index.php,https://randexpr.com/css/redirect/index.php,SAFE,6,6% safe - Targets dynamic script endpoint,
102,docs.google.com/spreadsheet/viewform?formkey=dGdieTRJdWpOSzIwcGwtQ2MxdzA4aFE6MQ,https://docs.google.com/spreadsheet/viewform?formkey=dGdieTRJdWpOSzIwcGwtQ2MxdzA4aFE6MQ,SAFE,0,Safe link,
103,tinyurl.com/cq2yvst,https://tinyurl.com/cq2yvst,SUSPICIOUS,19,19% suspicious - Uses a shortened link,
105,www.emailformwizard.com/form.php?id=14339,https://www.emailformwizard.com/form.php?id=14339,SAFE,6,6% safe - Targets dynamic script endpoint,
108,reutregev.com/bin/updates/webscr.html?cmd=_login-run,https://reutregev.com/bin/updates/webscr.html?cmd=_login-run,SUSPICIOUS,19,19% suspicious - Contains risky words,
109,tvzoetermeer.nl/wp-content/via.php,https://tvzoetermeer.nl/wp-content/via.php,SAFE,6,6% safe - Targets dynamic script endpoint,
110,www.paypal-com.uni.me/update/security/profile/index.php,https://www.paypal-com.uni.me/update/security/profile/index.php,SUSPICIOUS,28,28% suspicious - Looks similar to a known brand,
111,teknocin.net/mobil/northrock.htm,https://teknocin.net/mobil/northrock.htm,SAFE,4,4% safe,
113,salaryof.com/cgi-bin.webscr.cmd.login-submit.dispatch.5885d80a13c0db1.8e2636.63d3fae.8db2b24f7b84f1819343fd6c338b1d9d60.6/us/webscr.htm?cmd=_login-run&dispatch=5885d80a13c0db1f998ca054efbdf2c29878a435fe324eec2511727f,https://salaryof.com/cgi-bin.webscr.cmd.login-submit.dispatch.5885d80a13c0db1.8e2636.63d3fae.8db2b24f7b84f1819343fd6c338b1d9d60.6/us/webscr.htm?cmd=_login-run&dispatch=5885d80a13c0db1f998ca054efbdf2c29878a435fe324eec2511727f,SUSPICIOUS,48,48% suspicious - Contains risky words,
125,www.horsetreats.com/.service.e.paypal.com/us/cgi-bin/webscr.htm?cmd=_login-run,https://www.horsetreats.com/.service.e.paypal.com/us/cgi-bin/webscr.htm?cmd=_login-run,SUSPICIOUS,25,25% suspicious - Contains risky words,
127,shylands.com/old_aol.1.3/?Login=&Lis=10&LigertID=1993745&us=1,https://shylands.com/old_aol.1.3/?Login=&Lis=10&LigertID=1993745&us=1,SUSPICIOUS,28,28% suspicious - Contains risky words,
128,praic.com/old_aol.1.3/?Login=&Lis=10&LigertID=1993745&us=1,https://praic.com/old_aol.1.3/?Login=&Lis=10&LigertID=1993745&us=1,SUSPICIOUS,28,28% suspicious - Contains risky words,
130,sepakbolaonline.com/wp-content/themes/redcarpet-3.0.6/sec/ibank.ib.nab.com.au/,https://sepakbolaonline.com/wp-content/themes/redcarpet-3.0.6/sec/ibank.ib.nab.com.au/,SUSPICIOUS,35,35% suspicious - Contains risky words,
132,cadastre.orgfree.com/perfilbb.php,https://cadastre.orgfree.com/perfilbb.php,SAFE,6,6% safe - Targets dynamic script endpoint,
133,cadastre.orgfree.com/PortalSeguro/BB/,https://cadastre.orgfree.com/PortalSeguro/BB/,SAFE,4,4% safe,
134,inetserv.visa.com.ar.php53-23.ord1-1.websitetestlink.com/visa.php,https://inetserv.visa.com.ar.php53-23.ord1-1.websitetestlink.com/visa.php,SUSPICIOUS,10,10% suspicious - URL has many dot segments,
136,www.easymarketing.hu/wp-includes/images/paypal/paypal/us/error_login.html,https://www.easymarketing.hu/wp-includes/images/paypal/paypal/us/error_login.html,SUSPICIOUS,16,16% suspicious - Contains risky words,
137,pyuthansamachar.com/np/Paypal_Virefication/741f85e09681ab7d07cdbad92235ec1e/webscr.php,https://pyuthansamachar.com/np/Paypal_Virefication/741f85e09681ab7d07cdbad92235ec1e/webscr.php,SUSPICIOUS,12,12% suspicious - URL length is moderately high,
143,thedoorfellowship.com/joomla.php,https://thedoorfellowship.com/joomla.php,SAFE,6,6% safe - Targets dynamic script endpoint,
144,bit.ly/Oceask,https://bit.ly/Oceask,SUSPICIOUS,15,15% suspicious - Uses a shortened link,
145,tinyurl.com/cepfn35,https://tinyurl.com/cepfn35,SUSPICIOUS,19,19% suspicious - Uses a shortened link,
146,tinyurl.com/btdk39c,https://tinyurl.com/btdk39c,SUSPICIOUS,19,19% suspicious - Uses a shortened link,
147,docs.google.com/spreadsheet/viewform?formkey=dEZzblVwcDBVZWNMaWdCMUt4clprd2c6MQ,https://docs.google.com/spreadsheet/viewform?formkey=dEZzblVwcDBVZWNMaWdCMUt4clprd2c6MQ,SAFE,0,Safe link,
148,docs.google.com/a/uic.edu/spreadsheet/viewform?formkey=dEp5dmQyMjU4SmxpenhtcHJaeFROQ,https://docs.google.com/a/uic.edu/spreadsheet/viewform?formkey=dEp5dmQyMjU4SmxpenhtcHJaeFROQ,SAFE,0,Safe link,
151,beam.to/3912,https://beam.to/3912,SAFE,4,4% safe,
152,off.st/mailadmin,https://off.st/mailadmin,SAFE,4,4% safe,
160,kettyle.co.uk/Paypal.com/index.php,https://kettyle.co.uk/Paypal.com/index.php,SAFE,8,8% safe - URL has multiple dot segments,
162,traviantx.xzn.ir/index.html,https://traviantx.xzn.ir/index.html,SAFE,4,4% safe,
167,www.fcbrokers.com.au/paypai/update/your-account/paypai-login/service/Restart.php,https://www.fcbrokers.com.au/paypai/update/your-account/paypai-login/service/Restart.php,SUSPICIOUS,37,37% suspicious - Contains risky words,
171,adamchuk.com/im/northrock.htm,https://adamchuk.com/im/northrock.htm,SAFE,4,4% safe,
175,www.strmedia.com/reels/0000/0004/process.php,https://www.strmedia.com/reels/0000/0004/process.php,SAFE,6,6% safe - Targets dynamic script endpoint,
177,alibabamailveriication.yolasite.com/contact-us.php,https://alibabamailveriication.yolasite.com/contact-us.php,SAFE,6,6% safe - Targets dynamic script endpoint,
185,pd907fc48.dip0.t-ipconnect.de/www2.paypal.com/uk/login.php?cmd=_login-run,https://pd907fc48.dip0.t-ipconnect.de/www2.paypal.com/uk/login.php?cmd=_login-run,SUSPICIOUS,41,41% suspicious - Contains risky words,
186,pd907fc48.dip0.t-ipconnect.de/www2.paypal.com/uk/index.php,https://pd907fc48.dip0.t-ipconnect.de/www2.paypal.com/uk/index.php,SUSPICIOUS,15,15% suspicious - URL has many dot segments,
210,onlineaccountwebtodayactivednowf.weebly.com/,https://onlineaccountwebtodayactivednowf.weebly.com/,SUSPICIOUS,12,12% suspicious - Contains risky words,
211,paywithpal.byethost4.com/,https://paywithpal.byethost4.com/,SAFE,4,4% safe,
212,balicheapholiday.com/Aol_fullz/BillingCenter@aim.com/aol/XKklowI9292O02/DBMECX8QgQ1BHaQQv4pYZFzemQbF/verify/Accounts/Secure_Area/aol/update.htm,https://balicheapholiday.com/Aol_fullz/BillingCenter@aim.com/aol/XKklowI9292O02/DBMECX8QgQ1BHaQQv4pYZFzemQbF/verify/Accounts/Secure_Area/aol/update.htm,SUSPICIOUS,58,58% suspicious - Contains risky words,
213,balicheapholiday.com/Aol_fullz/BillingCenter@aim.com/aol/XKklowI9292O02/DBMECX8QgQ1BHaQQv4pYZFzemQbF/verify/Accounts/Secure_Area/aol/,https://balicheapholiday.com/Aol_fullz/BillingCenter@aim.com/aol/XKklowI9292O02/DBMECX8QgQ1BHaQQv4pYZFzemQbF/verify/Accounts/Secure_Area/aol/,SUSPICIOUS,58,58% suspicious - Contains risky words,
214,www.emailformwizard.com/form.php?id=14366,https://www.emailformwizard.com/form.php?id=14366,SAFE,6,6% safe - Targets dynamic script endpoint,
215,www.emailformwizard.com/form.php?id=130332,https://www.emailformwizard.com/form.php?id=130332,SAFE,6,6% safe - Targets dynamic script endpoint,
216,off.st/mailverifications,https://off.st/mailverifications,SAFE,4,4% safe,
219,www.artbynicholas.com/property/remax/index.htm,https://www.artbynicholas.com/property/remax/index.htm,SAFE,4,4% safe,
249,jesuscaressite.com/css/user/uk/index.php,https://jesuscaressite.com/css/user/uk/index.php,SAFE,6,6% safe - Targets dynamic script endpoint,
259,rjbpaving.co.uk/scripts/rigidity/method-payment/accountinformation248=id/aol/verfiedmemberselections/aol,https://rjbpaving.co.uk/scripts/rigidity/method-payment/accountinformation248=id/aol/verfiedmemberselections/aol,SUSPICIOUS,35,35% suspicious - Contains risky words,
288,rikhiram.in/aol.com.htm,https://rikhiram.in/aol.com.htm,SAFE,4,4% safe,
290,www.szokeihorgasztavak.hu/plugins/editors-xtd/index/readmore.html,https://www.szokeihorgasztavak.hu/plugins/editors-xtd/index/readmore.html,SAFE,4,4% safe,
293,masterpower1.h19.ru/,https://masterpower1.h19.ru/,SAFE,4,4% safe,
294,multidata1.h19.ru/home.php,https://multidata1.h19.ru/home.php,SAFE,6,6% safe - Targets dynamic script endpoint,
301,www.api-software.com/templates/rhuk_milkyway/html/21/pay_form_ec_cvv2_fichiers/pay_form_ec_cvv2.html,https://www.api-software.com/templates/rhuk_milkyway/html/21/pay_form_ec_cvv2_fichiers/pay_form_ec_cvv2.html,SUSPICIOUS,16,16% suspicious - URL length is above normal,
306,thechapmangroup.net/wp-ins.htm,https://thechapmangroup.net/wp-ins.htm,SAFE,4,4% safe,
308,ddcjajarkot.gov.np/js/verify.htm,https://ddcjajarkot.gov.np/js/verify.htm,SUSPICIOUS,12,12% suspicious - Contains risky words,
309,thinstrip.com/www.paypal.com/info/cgi-login/9212020291001020100300D02D002A00D02100DA error_login.html,https://thinstrip.com/www.paypal.com/info/cgi-login/9212020291001020100300D02D002A00D02100DA error_login.html,SUSPICIOUS,18,18% suspicious - Invalid or incomplete link,
310,ea.ce-intern.com/_la.php?nid=803784&sid=218699859&lid=2642119&tg=www.santafetex.com/login.php,https://ea.ce-intern.com/_la.php?nid=803784&sid=218699859&lid=2642119&tg=www.santafetex.com/login.php,SUSPICIOUS,42,42% suspicious - Contains risky words,
312,www.dla-zaby.yoyo.pl/,https://www.dla-zaby.yoyo.pl/,SAFE,4,4% safe,
313,steamcommunitylog.chez.com/,https://steamcommunitylog.chez.com/,SAFE,4,4% safe,
314,orxo.org/blog/Steam/,https://orxo.org/blog/Steam/,SAFE,4,4% safe,
315,steamcomunity.xtgem.com/,https://steamcomunity.xtgem.com/,SAFE,4,4% safe,
316,esltn.clanteam.com/,https://esltn.clanteam.com/,SAFE,4,4% safe,
317,steamcommunity.pvv.pl/,https://steamcommunity.pvv.pl/,SAFE,4,4% safe,
318,steamappidfree.hi2.ro/,https://steamappidfree.hi2.ro/,SAFE,4,4% safe,
319,steamstorepowered.chez.com/,https://steamstorepowered.chez.com/,SAFE,4,4% safe,
320,steam-valve.atw.hu/,https://steam-valve.atw.hu/,SAFE,4,4% safe,
322,shaareitevunah.com/wsd/webscrcmd=login-run/webscrcmd=account-run=66l0411u938/update-paypal/Confirm-paypal/,https://shaareitevunah.com/wsd/webscrcmd=login-run/webscrcmd=account-run=66l0411u938/update-paypal/Confirm-paypal/,SUSPICIOUS,47,47% suspicious - Contains risky words,
324,similarvarieties.yolasite.com/,https://similarvarieties.yolasite.com/,SAFE,4,4% safe,
327,alfatahrice.com/al_arabia/images/emails/,https://alfatahrice.com/al_arabia/images/emails/,SAFE,4,4% safe,
329,fiddle.jshell.net/viewproducts/Qmykk/1/show/light/,https://fiddle.jshell.net/viewproducts/Qmykk/1/show/light/,SAFE,4,4% safe,
331,fastprint.kz/wp-content/upgrade/r.php,https://fastprint.kz/wp-content/upgrade/r.php,SAFE,6,6% safe - Targets dynamic script endpoint,
332,saadgroup.yolasite.com/,https://saadgroup.yolasite.com/,SAFE,4,4% safe,
333,purchasing-department.yolasite.com/,https://purchasing-department.yolasite.com/,SAFE,4,4% safe,
334,purchasingandmarketing.yolasite.com/,https://purchasingandmarketing.yolasite.com/,SAFE,4,4% safe,
343,preciouslordtakemyhand.com/css/site/uk/index.php,https://preciouslordtakemyhand.com/css/site/uk/index.php,SAFE,6,6% safe - Targets dynamic script endpoint,
345,www.teratv.org/premiadacielo/,https://www.teratv.org/premiadacielo/,SAFE,4,4% safe,
346,www.teratv.org/premiadacielo/index.html,https://www.teratv.org/premiadacielo/index.html,SAFE,4,4% safe,
347,tradeland.gnbo.com.ng/,https://tradeland.gnbo.com.ng/,SAFE,4,4% safe,
348,www.thepavilion.ca/OLD/swf/redir/1/idx.html,https://www.thepavilion.ca/OLD/swf/redir/1/idx.html,SAFE,4,4% safe,
363,www.nicolcrests.co.uk/upload/photo/category/.1.php,https://www.nicolcrests.co.uk/upload/photo/category/.1.php,SAFE,8,8% safe - URL has multiple dot segments,
364,www.globusapps.com/apps/paypal/curl.php?msg=U3RhcnRlcg=,https://www.globusapps.com/apps/paypal/curl.php?msg=U3RhcnRlcg=,SAFE,6,6% safe - Targets dynamic script endpoint,
367,johnnylucky.org/news/bdsc/index.html,https://johnnylucky.org/news/bdsc/index.html,SAFE,4,4% safe,
368,johnnylucky.org/news/bdsc/index.html?10150119348939953&set=a.10150119348759953.62949.19034719952&type=1&theater,https://johnnylucky.org/news/bdsc/index.html?10150119348939953&set=a.10150119348759953.62949.19034719952&type=1&theater,SUSPICIOUS,14,14% suspicious - URL length is above normal,
370,buscacertarh.com.br/word/my/central/index.php,https://buscacertarh.com.br/word/my/central/index.php,SAFE,6,6% safe - Targets dynamic script endpoint,
378,www.apecsq.org/templates/ja_purity/html/com_content/zabbbbbbbbbbbbbbb.htm,https://www.apecsq.org/templates/ja_purity/html/com_content/zabbbbbbbbbbbbbbb.htm,SAFE,4,4% safe,
379,shmel-service.ru/westpac/index.html?confirm.my.id.westpac.com.au=value8726_cqrloginlogin.pspmcState=initialized&sitedomain=startpage.westpac.com.au,https://shmel-service.ru/westpac/index.html?confirm.my.id.westpac.com.au=value8726_cqrloginlogin.pspmcState=initialized&sitedomain=startpage.westpac.com.au,SAFE,0,Ignored internal link,
387,bit.ly/NuuAIf,https://bit.ly/NuuAIf,SUSPICIOUS,15,15% suspicious - Uses a shortened link,
390,www.pancerni.com.pl/administrator/templates/khepri/images/plugins.php?plugins.jpg,https://www.pancerni.com.pl/administrator/templates/khepri/images/plugins.php?plugins.jpg,SUSPICIOUS,11,11% suspicious - URL length is moderately high,
391,construtorasol.com.br/site/wp-content/themes/Nova/temp/wseBay923812232847474/,https://construtorasol.com.br/site/wp-content/themes/Nova/temp/wseBay923812232847474/,SUSPICIOUS,11,11% suspicious - URL length is moderately high,
396,signdepo.co.jp/uk/webscr.htm,https://signdepo.co.jp/uk/webscr.htm,SAFE,4,4% safe,
400,cartaodeseguranca.xoom.it/Clientes/Bradesco/Pessoa_Fisica/index,https://cartaodeseguranca.xoom.it/Clientes/Bradesco/Pessoa_Fisica/index,SUSPICIOUS,23,23% suspicious - Looks like a fake brand spelling (typo/extra character),
410,camarostyle.com/paypal/,https://camarostyle.com/paypal/,SAFE,4,4% safe,
414,itautoken10.h19.ru/Clientes/Pessoa_Fisica/Token/Seguranca/index/GRIPNET/index.php,https://itautoken10.h19.ru/Clientes/Pessoa_Fisica/Token/Seguranca/index/GRIPNET/index.php,SUSPICIOUS,11,11% suspicious - URL length is moderately high,
415,goo.gl/Vghcu,https://goo.gl/Vghcu,SUSPICIOUS,15,15% suspicious - Uses a shortened link,
417,cirter.com/INSTALI.php,https://cirter.com/INSTALI.php,SAFE,6,6% safe - Targets dynamic script endpoint,
419,school1.kz/cache/remax/index.htm,https://school1.kz/cache/remax/index.htm,SAFE,4,4% safe,
421,www.football-tipster.com/.http/www.paypal.fr/,https://www.football-tipster.com/.http/www.paypal.fr/,SAFE,6,6% safe - URL has multiple dot segments,
422,paypsal.xgsm.pl/?/webscr?cmd=_login-submit&dispatch=5885d80a13c0db1f8e263663d3fa,https://paypsal.xgsm.pl/?/webscr?cmd=_login-submit&dispatch=5885d80a13c0db1f8e263663d3fa,SUSPICIOUS,71,71% suspicious - Looks like a fake brand spelling (typo/extra character),
423,www.football-tipster.com/.http/www.paypal.fr/db10b41f490ee1fad871b9a032047154/Processing.htm?cmd=_Processing&dispatch=5885d80a13c0db1fb6947b0aeae66fdbfb2119927117,https://www.football-tipster.com/.http/www.paypal.fr/db10b41f490ee1fad871b9a032047154/Processing.htm?cmd=_Processing&dispatch=5885d80a13c0db1fb6947b0aeae66fdbfb2119927117,SUSPICIOUS,22,22% suspicious - URL is unusually long,
425,ebasy.xgsm.pl?eBay.com.wbdllsc.login.submit.dispatch.313564894.js?,https://ebasy.xgsm.pl?eBay.com.wbdllsc.login.submit.dispatch.313564894.js?,SUSPICIOUS,19,19% suspicious - Contains risky words,
426,aljo.com.br/wp-content/themes/autofocus/img/remax/properties/,https://aljo.com.br/wp-content/themes/autofocus/img/remax/properties/,SAFE,7,7% safe - URL contains several special characters,
427,www.startup24.org/nuevo/bancoguayaquil.com/bg/indexAhorro.html,https://www.startup24.org/nuevo/bancoguayaquil.com/bg/indexAhorro.html,SAFE,4,4% safe,
428,www.startup24.org/nuevo/pichincha/internexo/jsp/loginbiometrico/loginBiometrico.htm,https://www.startup24.org/nuevo/pichincha/internexo/jsp/loginbiometrico/loginBiometrico.htm,SUSPICIOUS,15,15% suspicious - Contains risky words,
431,bit.ly/MkbDOx,https://bit.ly/MkbDOx,SUSPICIOUS,15,15% suspicious - Uses a shortened link,
434,ppinc.pf-control.de/,https://ppinc.pf-control.de/,SAFE,4,4% safe,
440,aljo.com.br//wp-content/themes/autofocus/img/remax/properties/,https://aljo.com.br//wp-content/themes/autofocus/img/remax/properties/,SAFE,7,7% safe - URL contains several special characters,
443,payps.xgsm.pl/?mexic-goble-paypal.bo.vsrtyuddth465454545454efrfewfewfwfrwfrwsgffgfgf,https://payps.xgsm.pl/?mexic-goble-paypal.bo.vsrtyuddth465454545454efrfewfewfwfrwfrwsgffgfgf,SAFE,7,7% safe - URL length is moderately high,
452,ccurb.com.au/profiles/maryland/method-payment/accountinformation248=id/aol/verfiedmemberselections/aol/update.html,https://ccurb.com.au/profiles/maryland/method-payment/accountinformation248=id/aol/verfiedmemberselections/aol/update.html,SUSPICIOUS,35,35% suspicious - Contains risky words,
457,wooperformance.com/includes/js/dtree/sec_payment.capitec.in/,https://wooperformance.com/includes/js/dtree/sec_payment.capitec.in/,SUSPICIOUS,12,12% suspicious - Contains risky words,
458,plasticoscarmen.com/wp-content/plugins/wordpress-importer/languages/paypal.com.au/au/cgi-bin/cmd/login.html,https://plasticoscarmen.com/wp-content/plugins/wordpress-importer/languages/paypal.com.au/au/cgi-bin/cmd/login.html,SUSPICIOUS,31,31% suspicious - Contains risky words,
470,www.dubaibull.com/picasa/cgi-bin/cielo/cielo/index.php,https://www.dubaibull.com/picasa/cgi-bin/cielo/cielo/index.php,SAFE,6,6% safe - Targets dynamic script endpoint,
471,www.dubaibull.com/picasa/cgi-bin/cielo/cielo/,https://www.dubaibull.com/picasa/cgi-bin/cielo/cielo/,SAFE,4,4% safe,
472,mail.deltaned.com/intl/update/webscr2.php?cmd=_login-run&dispatch=5885d80a13c0db1f1ff80d546411d7f8a8350c132bc41e0934cfc023d4e8f9e5dccd81740795dd0e7ff0,https://mail.deltaned.com/intl/update/webscr2.php?cmd=_login-run&dispatch=5885d80a13c0db1f1ff80d546411d7f8a8350c132bc41e0934cfc023d4e8f9e5dccd81740795dd0e7ff0,PHISHING,94,94% unsafe - Looks like a fake brand spelling (typo/extra character),
479,lnk.co/tyuj56j4?g54gh?,https://lnk.co/tyuj56j4?g54gh?,SAFE,6,6% safe - Contains randomized path token,
480,lnk.co/67I56U5?fdh5?,https://lnk.co/67I56U5?fdh5?,SAFE,6,6% safe - Contains randomized path token,
484,www.dubaibull.com/picasa/cgi-bin/Gol/,https://www.dubaibull.com/picasa/cgi-bin/Gol/,SAFE,4,4% safe,
487,www.mossanepid.ru/history/images/rsgallery/thumb/sec-fr/Processing.php?cmd=_Processing&dispatch=5885d80a13c0db1fb6947b0aeae66fdbfb2119927117e3a6f876e0f,https://www.mossanepid.ru/history/images/rsgallery/thumb/sec-fr/Processing.php?cmd=_Processing&dispatch=5885d80a13c0db1fb6947b0aeae66fdbfb2119927117e3a6f876e0f,SUSPICIOUS,18,18% suspicious - URL is unusually long,
492,interbank.me/InterLinea/ingresa.php,https://interbank.me/InterLinea/ingresa.php,SUSPICIOUS,16,16% suspicious - Contains risky words,
494,ccurb.com.au/profiles/maryland/method-payment/accountinformation248=id/aol/verfiedmemberselections/aol/,https://ccurb.com.au/profiles/maryland/method-payment/accountinformation248=id/aol/verfiedmemberselections/aol/,SUSPICIOUS,35,35% suspicious - Contains risky words,
495,ccurb.com.au/profiles/maryland/method-payment/accountinformation248=id/aol/verfiedmemberselections/aol,https://ccurb.com.au/profiles/maryland/method-payment/accountinformation248=id/aol/verfiedmemberselections/aol,SUSPICIOUS,35,35% suspicious - Contains risky words,
497,www.austinrc.org//cl1/remax/,https://www.austinrc.org//cl1/remax/,SAFE,4,4% safe,
504,bit.ly/NvxLTz,https://bit.ly/NvxLTz,SUSPICIOUS,15,15% suspicious - Uses a shortened link,
505,docs.google.com/a/mcc.edu/spreadsheet/viewform?formkey=dEhkWlV6VktTOGlldkd6VndhWkxRN,https://docs.google.com/a/mcc.edu/spreadsheet/viewform?formkey=dEhkWlV6VktTOGlldkd6VndhWkxRN,SAFE,0,Safe link,
507,www.redwoodtransit.org/schedules/download/anz.account.html,https://www.redwoodtransit.org/schedules/download/anz.account.html,SUSPICIOUS,12,12% suspicious - Contains risky words,
508,bit.ly/Oaxhi8,https://bit.ly/Oaxhi8,SUSPICIOUS,15,15% suspicious - Uses a shortened link,
511,www.teratv.org/Sessao.jsf.CTL=7888940022063823360150&Acesso=/index.html,https://www.teratv.org/Sessao.jsf.CTL=7888940022063823360150&Acesso=/index.html,SAFE,6,6% safe - URL has multiple dot segments,
512,www.teratv.org/Sessao.jsf.CTL=7888940022063823360150&Acesso=/,https://www.teratv.org/Sessao.jsf.CTL=7888940022063823360150&Acesso=/,SAFE,4,4% safe,
514,rightsite.ru/wp-content/themes/Linepress/cache/Gol/index.html,https://rightsite.ru/wp-content/themes/Linepress/cache/Gol/index.html,SAFE,4,4% safe,
515,rightsite.ru/wp-content/themes/Linepress/cache/Gol/index.php,https://rightsite.ru/wp-content/themes/Linepress/cache/Gol/index.php,SAFE,6,6% safe - Targets dynamic script endpoint,
516,rightsite.ru/wp-content/themes/Linepress/cache/Gol/,https://rightsite.ru/wp-content/themes/Linepress/cache/Gol/,SAFE,4,4% safe,
519,antimalwarevalidate.com/members/login.php,https://antimalwarevalidate.com/members/login.php,SUSPICIOUS,16,16% suspicious - Contains risky words,
520,h0-s11.p9-jfk.cdngp.net/login/,https://h0-s11.p9-jfk.cdngp.net/login/,SUSPICIOUS,12,12% suspicious - Contains risky words,
521,wisemanwebdesign.com/soaplandia/images/remax.com/Remax/Remax/Secure%20Login.html,https://wisemanwebdesign.com/soaplandia/images/remax.com/Remax/Remax/Secure%20Login.html,SUSPICIOUS,23,23% suspicious - Contains risky words,
522,croydonsds.vic.edu.au/files/content/seguro/bradesco/scripts/ib2k1.dll/LOGIN.php,https://croydonsds.vic.edu.au/files/content/seguro/bradesco/scripts/ib2k1.dll/LOGIN.php,SUSPICIOUS,34,34% suspicious - Contains risky words,
523,www.alcq.com.au/wp-includes/personal/logon/login1.jsp.htm,https://www.alcq.com.au/wp-includes/personal/logon/login1.jsp.htm,SUSPICIOUS,20,20% suspicious - Contains risky words,
524,www.alcq.com.au/wp-includes/personal/logon/custom1.php,https://www.alcq.com.au/wp-includes/personal/logon/custom1.php,SUSPICIOUS,10,10% suspicious - Targets dynamic script endpoint,
525,thenewlead3.netdns.net/icons/.cgi-bin/wu/asp/1/regLogin/index.html,https://thenewlead3.netdns.net/icons/.cgi-bin/wu/asp/1/regLogin/index.html,SUSPICIOUS,21,21% suspicious - Contains risky words,
526,thenewlead3.netdns.net/icons/.cgi-bin/wu/asp/,https://thenewlead3.netdns.net/icons/.cgi-bin/wu/asp/,SAFE,4,4% safe,
527,www.abundantlivingcounselling.com/.cache/9bf2ec6dcf2fdfb2b86317d9bff41416/info.htm,https://www.abundantlivingcounselling.com/.cache/9bf2ec6dcf2fdfb2b86317d9bff41416/info.htm,SAFE,7,7% safe - URL length is moderately high,
528,ambipar.com/wp-content/languages/www.paypal.com/,https://ambipar.com/wp-content/languages/www.paypal.com/,SAFE,4,4% safe,
529,erc.co.zw/discuss/language/Nets.dk/Nets/info.htm,https://erc.co.zw/discuss/language/Nets.dk/Nets/info.htm,SAFE,6,6% safe - URL has multiple dot segments,
531,cordobmaq.com.br/cache/,https://cordobmaq.com.br/cache/,SAFE,4,4% safe,
533,www.soutalgnoub.com/home/images/stories/food/GbPlugin/,https://www.soutalgnoub.com/home/images/stories/food/GbPlugin/,SAFE,4,4% safe,
535,www.evriposgases.gr/page6.php,https://www.evriposgases.gr/page6.php,SUSPICIOUS,10,10% suspicious - Targets dynamic script endpoint,
539,www.shadous.3x.ro/paypal2/,https://www.shadous.3x.ro/paypal2/,SAFE,6,6% safe - Contains randomized path token,
541,www.persosite.net/BinckBank.htm,https://www.persosite.net/BinckBank.htm,SUSPICIOUS,12,12% suspicious - Contains risky words,
548,www.school1.kz/cache/remax/index.htm,https://www.school1.kz/cache/remax/index.htm,SAFE,4,4% safe,
549,t.co/umciZQW,https://t.co/umciZQW,SUSPICIOUS,15,15% suspicious - Uses a shortened link,
550,t.co/VEdfXKP,https://t.co/VEdfXKP,SUSPICIOUS,15,15% suspicious - Uses a shortened link,
552,bit.ly/Mh5T2N,https://bit.ly/Mh5T2N,SUSPICIOUS,15,15% suspicious - Uses a shortened link,
553,www.complexo.co/libraries/simplepie/,https://www.complexo.co/libraries/simplepie/,SAFE,4,4% safe,
554,www.redmoonuk.com/eBayISAPI2.dl/index.html?cgi.ebay.com/2008-Cervelo-RS-54cm-Carbon 300466179814?pt=Road_Bikes&hash=item45f52e0ee6,https://www.redmoonuk.com/eBayISAPI2.dl/index.html?cgi.ebay.com/2008-Cervelo-RS-54cm-Carbon 300466179814?pt=Road_Bikes&hash=item45f52e0ee6,SUSPICIOUS,18,18% suspicious - Invalid or incomplete link,
555,bcompy.com/js/,https://bcompy.com/js/,SAFE,4,4% safe,
556,bit.ly/Mh5Xzq,https://bit.ly/Mh5Xzq,SUSPICIOUS,15,15% suspicious - Uses a shortened link,
558,www.fortgroupinc.com/images/fedex/index.htm,https://www.fortgroupinc.com/images/fedex/index.htm,SAFE,4,4% safe,
563,rsj26.rhostjh.com/~estados/wp-content/themes/twentyeleven/js/www.paypal.com/paypal/cgi-bin/webscrcmd=_login-run/webscrcmd=_account-run/updates-paypal/confirm-paypal/,https://rsj26.rhostjh.com/~estados/wp-content/themes/twentyeleven/js/www.paypal.com/paypal/cgi-bin/webscrcmd=_login-run/webscrcmd=_account-run/updates-paypal/confirm-paypal/,SUSPICIOUS,63,63% suspicious - Contains risky words,
567,www.hiremaster.biz/~animegun/canadapaypal/error_login.html,https://www.hiremaster.biz/~animegun/canadapaypal/error_login.html,SUSPICIOUS,12,12% suspicious - Contains risky words,
571,titansafetygroup.com//wp-content/themes/twentyten/index2.html,https://titansafetygroup.com//wp-content/themes/twentyten/index2.html,SAFE,6,6% safe - Contains randomized path token,
580,www.garisbiru.com/data/asb.co.nz.ASBWebHome/index.html,https://www.garisbiru.com/data/asb.co.nz.ASBWebHome/index.html,SAFE,6,6% safe - URL has multiple dot segments,
581,static-adsl201-232-75-147.epm.net.co/httpIIwww.paypal.comIcgi-binwebscrcmd=_home-generalItem/SessionAuthLoginID/,https://static-adsl201-232-75-147.epm.net.co/httpIIwww.paypal.comIcgi-binwebscrcmd=_home-generalItem/SessionAuthLoginID/,SUSPICIOUS,42,42% suspicious - Contains risky words,
583,url2it.com/ntcc,https://url2it.com/ntcc,SAFE,4,4% safe,
587,sushilpokharel.com.np/bx_styles/data/property/properties/investment/remax/loopnet/New%20B2B/New%20B2B/,https://sushilpokharel.com.np/bx_styles/data/property/properties/investment/remax/loopnet/New%20B2B/New%20B2B/,SUSPICIOUS,11,11% suspicious - URL length is above normal,
588,alerting.allcx.com/eBay/login.htm,https://alerting.allcx.com/eBay/login.htm,SUSPICIOUS,12,12% suspicious - Contains risky words,
591,www.newstyle-us.com/eln-images/sd.htm,https://www.newstyle-us.com/eln-images/sd.htm,SAFE,4,4% safe,
592,www.smallhousecatalog.com/BillingCenter@aim.com/aol/cmThkRqcUe5qBbI/RBMC8Qg1BHav4pYFzembF/Verify/AolAccounts/secured/aol/update.php,https://www.smallhousecatalog.com/BillingCenter@aim.com/aol/cmThkRqcUe5qBbI/RBMC8Qg1BHav4pYFzembF/Verify/AolAccounts/secured/aol/update.php,SUSPICIOUS,66,66% suspicious - Contains risky words,
593,www.smallhousecatalog.com/BillingCenter@aim.com/aol/cmThkRqcUe5qBbI/RBMC8Qg1BHav4pYFzembF/Verify/AolAccounts/secured/aol/,https://www.smallhousecatalog.com/BillingCenter@aim.com/aol/cmThkRqcUe5qBbI/RBMC8Qg1BHav4pYFzembF/Verify/AolAccounts/secured/aol/,SUSPICIOUS,52,52% suspicious - Contains risky words,
594,sushilpokharel.com.np/bx_styles/data/property/properties/investment/remax/loopnet/NewB2B/NewB2B/index.htm,https://sushilpokharel.com.np/bx_styles/data/property/properties/investment/remax/loopnet/NewB2B/NewB2B/index.htm,SUSPICIOUS,11,11% suspicious - URL length is above normal,
597,www.apa.com.tr/bank.html,https://www.apa.com.tr/bank.html,SUSPICIOUS,12,12% suspicious - Contains risky words,
598,mail.thattorneys.com/images/TamFidelidade/index3.asp,https://mail.thattorneys.com/images/TamFidelidade/index3.asp,SUSPICIOUS,39,39% suspicious - Looks like a fake brand spelling (typo/extra character),
602,https://www.sogou.com,https://www.sogou.com,SAFE,4,4% safe,
603,https://www.google.ro,https://www.google.ro,SAFE,4,4% safe,
604,https://www.exoclick.com,https://www.exoclick.com,SAFE,4,4% safe,
605,https://www.walmart.com,https://www.walmart.com,SAFE,4,4% safe,
606,https://www.yelp.com,https://www.yelp.com,SAFE,4,4% safe,
607,https://www.babytree.com,https://www.babytree.com,SAFE,4,4% safe,
608,https://www.amazon.it,https://www.amazon.it,SAFE,4,4% safe,
609,https://www.google.ch,https://www.google.ch,SAFE,4,4% safe,
610,https://www.wikihow.com,https://www.wikihow.com,SAFE,4,4% safe,
611,https://www.google.no,https://www.google.no,SAFE,4,4% safe,
612,https://www.w3schools.com,https://www.w3schools.com,SAFE,4,4% safe,
613,https://www.uol.com.br,https://www.uol.com.br,SAFE,4,4% safe,
614,https://www.spankbang.com,https://www.spankbang.com,SAFE,4,4% safe,
615,https://www.google.pt,https://www.google.pt,SAFE,4,4% safe,
616,https://www.pages.tmall.com,https://www.pages.tmall.com,SAFE,4,4% safe,
617,https://www.godaddy.com,https://www.godaddy.com,SAFE,4,4% safe,
618,https://www.slideshare.net,https://www.slideshare.net,SAFE,4,4% safe,
619,https://www.redtube.com,https://www.redtube.com,SAFE,4,4% safe,
620,https://www.metropcs.mobi,https://www.metropcs.mobi,SAFE,4,4% safe,
621,https://www.speakol.com,https://www.speakol.com,SAFE,4,4% safe,
622,https://www.kompas.com,https://www.kompas.com,SAFE,4,4% safe,
623,https://www.google.ae,https://www.google.ae,SAFE,4,4% safe,
625,https://www.google.com.pe,https://www.google.com.pe,SAFE,4,4% safe,
626,https://www.google.cl,https://www.google.cl,SAFE,4,4% safe,
627,https://www.mega.nz,https://www.mega.nz,SAFE,4,4% safe,
628,https://www.bankofamerica.com,https://www.bankofamerica.com,SUSPICIOUS,12,12% suspicious - Contains risky words,
629,https://www.ladbible.com,https://www.ladbible.com,SAFE,4,4% safe,
630,https://www.bet9ja.com,https://www.bet9ja.com,SAFE,4,4% safe,
631,https://www.wellsfargo.com,https://www.wellsfargo.com,SAFE,4,4% safe,
632,https://www.spotscenered.info,https://www.spotscenered.info,SAFE,4,4% safe,
633,https://www.eastday.com,https://www.eastday.com,SAFE,4,4% safe,
634,https://www.nextoptim.com,https://www.nextoptim.com,SAFE,4,4% safe,
635,https://www.youporn.com,https://www.youporn.com,SAFE,4,4% safe,
637,https://www.weather.com,https://www.weather.com,SAFE,4,4% safe,
638,https://www.hulu.com,https://www.hulu.com,SAFE,4,4% safe,
640,https://www.bilibili.com,https://www.bilibili.com,SAFE,4,4% safe,
641,https://www.speedtest.net,https://www.speedtest.net,SAFE,4,4% safe,
642,https://www.ikea.com,https://www.ikea.com,SAFE,4,4% safe,
644,https://www.slack.com,https://www.slack.com,SAFE,4,4% safe,
645,https://www.bukalapak.com,https://www.bukalapak.com,SAFE,4,4% safe,
646,https://www.caijing.com.cn,https://www.caijing.com.cn,SAFE,4,4% safe,
647,https://www.yts.am,https://www.yts.am,SAFE,4,4% safe,
648,https://www.google.ie,https://www.google.ie,SAFE,4,4% safe,
649,https://www.newstrend.news,https://www.newstrend.news,SAFE,4,4% safe,
650,https://www.abs-cbn.com,https://www.abs-cbn.com,SAFE,4,4% safe,
651,https://www.forbes.com,https://www.forbes.com,SAFE,4,4% safe,
652,https://www.people.com.cn,https://www.people.com.cn,SAFE,4,4% safe,
653,https://www.indiatimes.com,https://www.indiatimes.com,SAFE,4,4% safe,
654,https://www.amazon.es,https://www.amazon.es,SAFE,4,4% safe,
655,https://www.9gag.com,https://www.9gag.com,SAFE,4,4% safe,
656,https://www.google.dk,https://www.google.dk,SAFE,4,4% safe,
657,https://www.upornia.com,https://www.upornia.com,SAFE,4,4% safe,
658,https://www.kinopoisk.ru,https://www.kinopoisk.ru,SAFE,4,4% safe,
659,https://www.huanqiu.com,https://www.huanqiu.com,SAFE,4,4% safe,
660,https://www.youm7.com,https://www.youm7.com,SAFE,4,4% safe,
661,https://www.medium.com,https://www.medium.com,SAFE,4,4% safe,
662,https://www.zillow.com,https://www.zillow.com,SAFE,4,4% safe,
663,https://www.tripadvisor.com,https://www.tripadvisor.com,SAFE,4,4% safe,
664,https://www.gamepedia.com,https://www.gamepedia.com,SAFE,4,4% safe,
665,https://www.scribd.com,https://www.scribd.com,SAFE,4,4% safe,
666,https://www.breitbart.com,https://www.breitbart.com,SAFE,4,4% safe,
667,https://www.wikimedia.org,https://www.wikimedia.org,SUSPICIOUS,23,23% suspicious - Looks like a fake brand spelling (typo/extra character),
668,https://www.dkn.tv,https://www.dkn.tv,SAFE,4,4% safe,
669,https://www.kakaku.com,https://www.kakaku.com,SAFE,4,4% safe,
670,https://www.rambler.ru,https://www.rambler.ru,SAFE,4,4% safe,
671,https://www.bittrex.com,https://www.bittrex.com,SAFE,4,4% safe,
672,https://www.sabah.com.tr,https://www.sabah.com.tr,SAFE,4,4% safe,
673,https://www.ebay-kleinanzeigen.de,https://www.ebay-kleinanzeigen.de,SAFE,4,4% safe,
674,https://www.foxnews.com,https://www.foxnews.com,SAFE,4,4% safe,
675,https://www.codeonclick.com,https://www.codeonclick.com,SAFE,4,4% safe,
676,https://www.trello.com,https://www.trello.com,SAFE,4,4% safe,
677,https://www.hclips.com,https://www.hclips.com,SAFE,4,4% safe,
678,https://www.wetransfer.com,https://www.wetransfer.com,SAFE,4,4% safe,
679,https://www.intuit.com,https://www.intuit.com,SAFE,4,4% safe,
680,https://www.google.dz,https://www.google.dz,SAFE,4,4% safe,
681,https://www.livejournal.com,https://www.livejournal.com,SAFE,4,4% safe,
682,https://www.liputan6.com,https://www.liputan6.com,SAFE,4,4% safe,
683,https://www.google.fi,https://www.google.fi,SAFE,4,4% safe,
684,https://www.google.hu,https://www.google.hu,SAFE,4,4% safe,
685,https://www.leboncoin.fr,https://www.leboncoin.fr,SAFE,4,4% safe,
686,https://www.genius.com,https://www.genius.com,SAFE,4,4% safe,
687,https://www.bestbuy.com,https://www.bestbuy.com,SAFE,4,4% safe,
688,https://www.telegram.org,https://www.telegram.org,SAFE,0,Ignored internal link,
689,https://www.files.wordpress.com,https://www.files.wordpress.com,SAFE,4,4% safe,
690,https://www.archive.org,https://www.archive.org,SAFE,4,4% safe,
691,https://www.aliyun.com,https://www.aliyun.com,SAFE,4,4% safe,
693,https://www.amazon.cn,https://www.amazon.cn,SAFE,4,4% safe,
694,https://www.amazon.ca,https://www.amazon.ca,SAFE,4,4% safe,
695,https://www.huffingtonpost.com,https://www.huffingtonpost.com,SAFE,4,4% safe,
696,https://www.google.co.il,https://www.google.co.il,SAFE,4,4% safe,
697,https://www.researchgate.net,https://www.researchgate.net,SAFE,4,4% safe,
698,https://www.gmx.net,https://www.gmx.net,SAFE,4,4% safe,
699,https://www.ltn.com.tw,https://www.ltn.com.tw,SAFE,4,4% safe,
700,https://www.popcash.net,https://www.popcash.net,SAFE,4,4% safe,
701,https://www.aol.com,https://www.aol.com,SAFE,4,4% safe,
702,https://www.irctc.co.in,https://www.irctc.co.in,SAFE,4,4% safe,
703,https://www.allegro.pl,https://www.allegro.pl,SAFE,4,4% safe,
705,https://www.goodreads.com,https://www.goodreads.com,SAFE,4,4% safe,
706,https://www.shutterstock.com,https://www.shutterstock.com,SAFE,4,4% safe,
707,https://www.thesaurus.com,https://www.thesaurus.com,SAFE,4,4% safe,
708,https://www.zippyshare.com,https://www.zippyshare.com,SAFE,4,4% safe,
709,https://www.nownews.com,https://www.nownews.com,SAFE,4,4% safe,
710,https://www.ameblo.jp,https://www.ameblo.jp,SAFE,4,4% safe,
711,https://www.web.de,https://www.web.de,SAFE,4,4% safe,
712,https://www.udemy.com,https://www.udemy.com,SAFE,4,4% safe,
713,https://www.cnblogs.com,https://www.cnblogs.com,SAFE,4,4% safe,
714,https://www.google.sk,https://www.google.sk,SAFE,4,4% safe,
715,https://www.bitauto.com,https://www.bitauto.com,SAFE,4,4% safe,
716,https://www.sberbank.ru,https://www.sberbank.ru,SUSPICIOUS,12,12% suspicious - Contains risky words,
717,https://www.digikala.com,https://www.digikala.com,SAFE,4,4% safe,
718,https://www.battle.net,https://www.battle.net,SAFE,4,4% safe,
719,https://www.duckduckgo.com,https://www.duckduckgo.com,SAFE,4,4% safe,
720,https://www.rutracker.org,https://www.rutracker.org,SAFE,4,4% safe,
721,https://www.rumble.com,https://www.rumble.com,SAFE,4,4% safe,
722,https://www.airbnb.com,https://www.airbnb.com,SAFE,4,4% safe,
723,https://www.gamefaqs.com,https://www.gamefaqs.com,SAFE,4,4% safe,
724,https://www.businessinsider.com,https://www.businessinsider.com,SAFE,4,4% safe,
725,https://www.ign.com,https://www.ign.com,SAFE,4,4% safe,
726,https://www.xfinity.com,https://www.xfinity.com,SAFE,4,4% safe,
727,https://www.daum.net,https://www.daum.net,SAFE,4,4% safe,
728,https://www.velocecdn.com,https://www.velocecdn.com,SAFE,4,4% safe,
729,https://www.freepik.com,https://www.freepik.com,SAFE,4,4% safe,
731,https://www.outbrain.com,https://www.outbrain.com,SAFE,4,4% safe,
732,https://www.rednet.cn,https://www.rednet.cn,SAFE,4,4% safe,
733,https://www.setn.com,https://www.setn.com,SAFE,4,4% safe,
734,https://www.cricbuzz.com,https://www.cricbuzz.com,SAFE,4,4% safe,
735,https://www.livedoor.jp,https://www.livedoor.jp,SAFE,4,4% safe,
736,https://www.myway.com,https://www.myway.com,SAFE,4,4% safe,
737,https://www.ci123.com,https://www.ci123.com,SAFE,4,4% safe,
738,https://www.hola.com,https://www.hola.com,SAFE,4,4% safe,
739,https://www.ouo.io,https://www.ouo.io,SAFE,4,4% safe,
740,https://www.google.kz,https://www.google.kz,SAFE,4,4% safe,
741,https://www.sourceforge.net,https://www.sourceforge.net,SAFE,4,4% safe,
742,https://www.canva.com,https://www.canva.com,SAFE,4,4% safe,
743,https://www.1337x.to,https://www.1337x.to,SAFE,4,4% safe,
744,https://www.youdao.com,https://www.youdao.com,SAFE,4,4% safe,
745,https://www.reverso.net,https://www.reverso.net,SAFE,4,4% safe,
746,https://www.hp.com,https://www.hp.com,SAFE,4,4% safe,
747,https://www.accuweather.com,https://www.accuweather.com,SAFE,4,4% safe,
748,https://www.wordreference.com,https://www.wordreference.com,SAFE,4,4% safe,
749,https://www.usps.com,https://www.usps.com,SAFE,4,4% safe,
750,https://www.varzesh3.com,https://www.varzesh3.com,SAFE,4,4% safe,
751,https://www.orange.fr,https://www.orange.fr,SAFE,4,4% safe,
752,https://www.haber7.com,https://www.haber7.com,SAFE,4,4% safe,
753,https://www.sciencedirect.com,https://www.sciencedirect.com,SAFE,4,4% safe,
754,https://www.subject.tmall.com,https://www.subject.tmall.com,SAFE,4,4% safe,
756,https://www.flickr.com,https://www.flickr.com,SAFE,4,4% safe,
757,https://www.skype.com,https://www.skype.com,SAFE,4,4% safe,
758,https://www.zendesk.com,https://www.zendesk.com,SAFE,4,4% safe,
759,https://www.iqiyi.com,https://www.iqiyi.com,SAFE,4,4% safe,
760,https://www.livedoor.com,https://www.livedoor.com,SAFE,4,4% safe,
761,https://www.userapi.com,https://www.userapi.com,SAFE,4,4% safe,
762,https://www.weebly.com,https://www.weebly.com,SAFE,4,4% safe,
763,https://www.icloud.com,https://www.icloud.com,SAFE,0,Safe link,
764,https://www.target.com,https://www.target.com,SAFE,4,4% safe,
765,https://www.ntd.tv,https://www.ntd.tv,SAFE,4,4% safe,
766,https://www.ndtv.com,https://www.ndtv.com,SAFE,4,4% safe,
767,https://www.momoshop.com.tw,https://www.momoshop.com.tw,SAFE,4,4% safe,
768,https://www.feedly.com,https://www.feedly.com,SAFE,4,4% safe,
769,https://www.asos.com,https://www.asos.com,SAFE,4,4% safe,
770,https://www.123movieshub.to,https://www.123movieshub.to,SAFE,4,4% safe,
771,https://www.instructure.com,https://www.instructure.com,SAFE,4,4% safe,
772,https://www.doublepimp.com,https://www.doublepimp.com,SAFE,4,4% safe,
773,https://www.siteadvisor.com,https://www.siteadvisor.com,SAFE,4,4% safe,
774,https://www.rt.com,https://www.rt.com,SAFE,4,4% safe,
775,https://www.adf.ly,https://www.adf.ly,SAFE,4,4% safe,
776,https://www.rarbg.to,https://www.rarbg.to,SAFE,4,4% safe,
777,https://www.olx.ua,https://www.olx.ua,SAFE,4,4% safe,
778,https://www.ouedkniss.com,https://www.ouedkniss.com,SAFE,4,4% safe,
779,https://www.espncricinfo.com,https://www.espncricinfo.com,SAFE,4,4% safe,
781,https://www.mailchimp.com,https://www.mailchimp.com,SAFE,4,4% safe,
782,https://www.rottentomatoes.com,https://www.rottentomatoes.com,SAFE,4,4% safe,
783,https://www.utorrent.com,https://www.utorrent.com,SAFE,4,4% safe,
784,https://www.uptodown.com,https://www.uptodown.com,SAFE,4,4% safe,
785,https://www.kaskus.co.id,https://www.kaskus.co.id,SAFE,4,4% safe,
786,https://www.office365.com,https://www.office365.com,SAFE,4,4% safe,
787,https://www.ups.com,https://www.ups.com,SAFE,4,4% safe,
788,https://www.line.me,https://www.line.me,SAFE,4,4% safe,
789,https://www.americanexpress.com,https://www.americanexpress.com,SAFE,4,4% safe,
790,https://www.kissanime.ru,https://www.kissanime.ru,SAFE,4,4% safe,
791,https://www.capitalone.com,https://www.capitalone.com,SAFE,4,4% safe,
792,https://www.mercadolibre.com.ar,https://www.mercadolibre.com.ar,SAFE,4,4% safe,
793,https://www.iqoption.com,https://www.iqoption.com,SAFE,4,4% safe,
794,https://www.blogspot.com.br,https://www.blogspot.com.br,SAFE,4,4% safe,
795,https://www.subscene.com,https://www.subscene.com,SAFE,4,4% safe,
796,https://www.onet.pl,https://www.onet.pl,SAFE,4,4% safe,
797,https://www.163.com,https://www.163.com,SAFE,4,4% safe,
798,https://www.banggood.com,https://www.banggood.com,SAFE,4,4% safe,
799,https://www.uzone.id,https://www.uzone.id,SAFE,4,4% safe,
800,https://www.samsung.com,https://www.samsung.com,SAFE,4,4% safe,
801,https://www.ensonhaber.com,https://www.ensonhaber.com,SAFE,4,4% safe,
802,https://www.go.com,https://www.go.com,SAFE,4,4% safe,
803,https://www.wish.com,https://www.wish.com,SAFE,4,4% safe,
804,https://www.google.com.kw,https://www.google.com.kw,SAFE,4,4% safe,
806,https://www.wp.pl,https://www.wp.pl,SAFE,4,4% safe,
807,https://www.wittyfeed.com,https://www.wittyfeed.com,SAFE,4,4% safe,
808,https://www.playstation.com,https://www.playstation.com,SAFE,4,4% safe,
809,https://www.hdfcbank.com,https://www.hdfcbank.com,SUSPICIOUS,12,12% suspicious - Contains risky words,
810,https://www.patreon.com,https://www.patreon.com,SAFE,4,4% safe,
811,https://www.gismeteo.ru,https://www.gismeteo.ru,SAFE,4,4% safe,
812,https://www.eskimi.com,https://www.eskimi.com,SAFE,4,4% safe,
813,https://www.oracle.com,https://www.oracle.com,SAFE,4,4% safe,
814,https://www.dell.com,https://www.dell.com,SAFE,4,4% safe,
815,https://www.glassdoor.com,https://www.glassdoor.com,SAFE,4,4% safe,
816,https://www.t-online.de,https://www.t-online.de,SAFE,4,4% safe,
817,https://www.theverge.com,https://www.theverge.com,SAFE,4,4% safe,
818,https://www.giphy.com,https://www.giphy.com,SAFE,4,4% safe,
819,https://www.slickdeals.net,https://www.slickdeals.net,SAFE,4,4% safe,
820,https://www.friv.com,https://www.friv.com,SAFE,4,4% safe,
821,https://www.sabq.org,https://www.sabq.org,SAFE,4,4% safe,
822,https://www.myanimelist.net,https://www.myanimelist.net,SAFE,4,4% safe,
823,https://www.m73lae5cpmgrv38.com,https://www.m73lae5cpmgrv38.com,SAFE,4,4% safe,
824,https://www.buzzadnetwork.com,https://www.buzzadnetwork.com,SAFE,4,4% safe,
825,https://www.seasonvar.ru,https://www.seasonvar.ru,SAFE,4,4% safe,
826,https://www.vtv.vn,https://www.vtv.vn,SAFE,4,4% safe,
827,https://www.doublepimpssl.com,https://www.doublepimpssl.com,SAFE,4,4% safe,
828,https://www.tradingview.com,https://www.tradingview.com,SAFE,4,4% safe,
829,https://www.blpmovies.com,https://www.blpmovies.com,SAFE,4,4% safe,
830,https://www.ultimate-guitar.com,https://www.ultimate-guitar.com,SAFE,4,4% safe,
833,https://www.taleo.net,https://www.taleo.net,SAFE,4,4% safe,
834,https://www.homedepot.com,https://www.homedepot.com,SAFE,4,4% safe,
835,https://www.mercadolibre.com.mx,https://www.mercadolibre.com.mx,SAFE,4,4% safe,
836,https://www.free.fr,https://www.free.fr,SAFE,4,4% safe,
837,https://www.telegraph.co.uk,https://www.telegraph.co.uk,SAFE,4,4% safe,
838,https://www.elpais.com,https://www.elpais.com,SAFE,4,4% safe,
839,https://www.google.co.nz,https://www.google.co.nz,SAFE,4,4% safe,
840,https://www.behance.net,https://www.behance.net,SAFE,4,4% safe,
841,https://www.wix.com,https://www.wix.com,SAFE,4,4% safe,
842,https://www.blackboard.com,https://www.blackboard.com,SAFE,4,4% safe,
843,https://www.fedex.com,https://www.fedex.com,SAFE,4,4% safe,
844,https://www.okdiario.com,https://www.okdiario.com,SAFE,4,4% safe,
845,https://www.pixabay.com,https://www.pixabay.com,SAFE,4,4% safe,
846,https://www.dmm.co.jp,https://www.dmm.co.jp,SAFE,4,4% safe,
847,https://www.yadi.sk,https://www.yadi.sk,SAFE,4,4% safe,
848,https://www.usatoday.com,https://www.usatoday.com,SAFE,4,4% safe,
849,https://www.ebay.com.au,https://www.ebay.com.au,SAFE,4,4% safe,
850,https://www.bloomberg.com,https://www.bloomberg.com,SAFE,4,4% safe,
851,https://www.uidai.gov.in,https://www.uidai.gov.in,SAFE,4,4% safe,
852,https://www.google.lk,https://www.google.lk,SAFE,4,4% safe,
853,https://www.taboola.com,https://www.taboola.com,SAFE,4,4% safe,
854,https://www.seznam.cz,https://www.seznam.cz,SAFE,4,4% safe,
855,https://www.marca.com,https://www.marca.com,SAFE,4,4% safe,
856,https://www.taringa.net,https://www.taringa.net,SAFE,4,4% safe,
857,https://www.informationvine.com,https://www.informationvine.com,SAFE,4,4% safe,
858,https://www.crunchyroll.com,https://www.crunchyroll.com,SAFE,4,4% safe,
859,https://www.kapanlagi.com,https://www.kapanlagi.com,SAFE,4,4% safe,
860,https://www.wordpress.org,https://www.wordpress.org,SAFE,4,4% safe,
861,https://www.mi.com,https://www.mi.com,SAFE,4,4% safe,
862,https://www.media.tumblr.com,https://www.media.tumblr.com,SAFE,4,4% safe,
863,https://www.google.bg,https://www.google.bg,SAFE,4,4% safe,
864,https://www.merdeka.com,https://www.merdeka.com,SAFE,4,4% safe,
865,https://www.independent.co.uk,https://www.independent.co.uk,SAFE,4,4% safe,
866,https://www.flvto.biz,https://www.flvto.biz,SAFE,4,4% safe,
867,https://www.fiverr.com,https://www.fiverr.com,SAFE,4,4% safe,
868,https://www.rediff.com,https://www.rediff.com,SAFE,4,4% safe,
870,https://www.alicdn.com,https://www.alicdn.com,SAFE,4,4% safe,
871,https://www.patch.com,https://www.patch.com,SAFE,4,4% safe,
872,https://www.repubblica.it,https://www.repubblica.it,SAFE,4,4% safe,
873,https://www.17ok.com,https://www.17ok.com,SAFE,4,4% safe,
874,https://www.ajkzd9h.com,https://www.ajkzd9h.com,SAFE,4,4% safe,
876,https://www.atlassian.net,https://www.atlassian.net,SAFE,4,4% safe,
878,https://www.ebay.it,https://www.ebay.it,SAFE,4,4% safe,
879,https://www.onedio.com,https://www.onedio.com,SAFE,4,4% safe,
880,https://www.kooora.com,https://www.kooora.com,SAFE,4,4% safe,
881,https://www.evernote.com,https://www.evernote.com,SAFE,4,4% safe,
882,https://www.gizmodo.com,https://www.gizmodo.com,SAFE,4,4% safe,
883,https://www.billdesk.com,https://www.billdesk.com,SAFE,4,4% safe,
884,https://www.spiegel.de,https://www.spiegel.de,SAFE,4,4% safe,
885,https://www.hotstar.com,https://www.hotstar.com,SAFE,4,4% safe,
886,https://www.asus.com,https://www.asus.com,SAFE,4,4% safe,
887,https://www.digitaldsp.com,https://www.digitaldsp.com,SAFE,4,4% safe,
888,https://www.dictionary.com,https://www.dictionary.com,SAFE,4,4% safe,
889,https://www.pikabu.ru,https://www.pikabu.ru,SAFE,4,4% safe,
890,https://www.k618.cn,https://www.k618.cn,SAFE,4,4% safe,
891,https://www.jrj.com.cn,https://www.jrj.com.cn,SAFE,4,4% safe,
892,https://www.discogs.com,https://www.discogs.com,SAFE,4,4% safe,
893,https://www.citi.com,https://www.citi.com,SAFE,4,4% safe,
894,https://www.adp.com,https://www.adp.com,SAFE,4,4% safe,
895,https://www.thepennyhoarder.com,https://www.thepennyhoarder.com,SAFE,4,4% safe,
897,https://www.wowhead.com,https://www.wowhead.com,SAFE,4,4% safe,
898,https://www.wiktionary.org,https://www.wiktionary.org,SAFE,4,4% safe,
900,https://www.thebalance.com,https://www.thebalance.com,SAFE,4,4% safe,
901,https://www.box.com,https://www.box.com,SAFE,4,4% safe,
902,https://www.primevideo.com,https://www.primevideo.com,SAFE,4,4% safe,
903,https://www.oload.stream,https://www.oload.stream,SAFE,4,4% safe,
904,https://www.nike.com,https://www.nike.com,SAFE,4,4% safe,
905,https://www.newegg.com,https://www.newegg.com,SAFE,4,4% safe,
907,https://www.albawabhnews.com,https://www.albawabhnews.com,SAFE,4,4% safe,
908,https://www.webmd.com,https://www.webmd.com,SAFE,4,4% safe,
909,https://www.appledaily.com,https://www.appledaily.com,SAFE,9,9% safe - Looks similar to a known brand,
910,https://www.google.by,https://www.google.by,SAFE,4,4% safe,
911,https://www.olx.pl,https://www.olx.pl,SAFE,4,4% safe,
912,https://www.convert2mp3.net,https://www.convert2mp3.net,SAFE,4,4% safe,
913,https://www.goo.ne.jp,https://www.goo.ne.jp,SAFE,4,4% safe,
914,https://www.cambridge.org,https://www.cambridge.org,SAFE,4,4% safe,
915,https://www.manoramaonline.com,https://www.manoramaonline.com,SAFE,4,4% safe,
916,https://www.zoho.com,https://www.zoho.com,SAFE,4,4% safe,
917,https://www.biobiochile.cl,https://www.biobiochile.cl,SAFE,4,4% safe,
918,https://www.ptt.cc,https://www.ptt.cc,SAFE,4,4% safe,
919,https://www.xda-developers.com,https://www.xda-developers.com,SAFE,4,4% safe,
920,https://www.lifedaily.com,https://www.lifedaily.com,SAFE,4,4% safe,
921,https://www.leagueoflegends.com,https://www.leagueoflegends.com,SAFE,4,4% safe,
923,https://www.chip.de,https://www.chip.de,SAFE,4,4% safe,
924,https://www.libero.it,https://www.libero.it,SAFE,4,4% safe,
925,https://www.ibm.com,https://www.ibm.com,SAFE,4,4% safe,
926,https://www.brilio.net,https://www.brilio.net,SAFE,4,4% safe,
927,https://www.fidelity.com,https://www.fidelity.com,SAFE,4,4% safe,
928,https://www.51sole.com,https://www.51sole.com,SAFE,4,4% safe,
929,https://www.suning.com,https://www.suning.com,SAFE,4,4% safe,
930,https://www.okta.com,https://www.okta.com,SAFE,4,4% safe,
931,https://www.nfl.com,https://www.nfl.com,SAFE,4,4% safe,
932,https://www.t.me,https://www.t.me,SAFE,4,4% safe,
933,https://www.pandora.com,https://www.pandora.com,SAFE,4,4% safe,
934,https://www.cnbc.com,https://www.cnbc.com,SAFE,4,4% safe,
935,https://www.hdzog.com,https://www.hdzog.com,SAFE,4,4% safe,
936,https://www.mit.edu,https://www.mit.edu,SAFE,4,4% safe,
937,https://www.icicibank.com,https://www.icicibank.com,SUSPICIOUS,12,12% suspicious - Contains risky words,
938,https://www.list-manage.com,https://www.list-manage.com,SAFE,4,4% safe,
939,https://www.jawabkom.com,https://www.jawabkom.com,SAFE,4,4% safe,
940,https://www.nba.com,https://www.nba.com,SAFE,4,4% safe,
942,https://www.rolloid.net,https://www.rolloid.net,SAFE,4,4% safe,
943,https://www.ria.ru,https://www.ria.ru,SAFE,4,4% safe,
944,https://www.urbandictionary.com,https://www.urbandictionary.com,SAFE,4,4% safe,
945,https://www.wsj.com,https://www.wsj.com,SAFE,4,4% safe,
946,https://www.sex.com,https://www.sex.com,SAFE,4,4% safe,
947,https://www.sahibinden.com,https://www.sahibinden.com,SAFE,4,4% safe,
949,https://www.lazada.co.id,https://www.lazada.co.id,SAFE,4,4% safe,
950,https://www.themeforest.net,https://www.themeforest.net,SAFE,4,4% safe,
951,https://www.blog.jp,https://www.blog.jp,SAFE,4,4% safe,
952,https://www.springer.com,https://www.springer.com,SAFE,4,4% safe,
953,https://www.vporn.com,https://www.vporn.com,SAFE,4,4% safe,
954,https://www.cryptopia.co.nz,https://www.cryptopia.co.nz,SAFE,4,4% safe,
956,https://www.thewhizmarketing.com,https://www.thewhizmarketing.com,SAFE,4,4% safe,
957,https://www.bandcamp.com,https://www.bandcamp.com,SAFE,4,4% safe,
958,https://www.upwork.com,https://www.upwork.com,SAFE,4,4% safe,
959,https://www.kinogo.cc,https://www.kinogo.cc,SAFE,4,4% safe,
960,https://www.google.com.do,https://www.google.com.do,SAFE,4,4% safe,
961,https://www.sindonews.com,https://www.sindonews.com,SAFE,4,4% safe,
962,https://www.naukri.com,https://www.naukri.com,SAFE,4,4% safe,
963,https://www.poloniex.com,https://www.poloniex.com,SAFE,4,4% safe,
964,https://www.jianshu.com,https://www.jianshu.com,SAFE,4,4% safe,
965,https://www.namnak.com,https://www.namnak.com,SAFE,4,4% safe,
967,https://www.google.com.ly,https://www.google.com.ly,SAFE,4,4% safe,
968,https://www.shopify.com,https://www.shopify.com,SAFE,4,4% safe,
969,https://www.addthis.com,https://www.addthis.com,SAFE,4,4% safe,
970,https://www.idntimes.com,https://www.idntimes.com,SAFE,4,4% safe,
971,https://www.primosearch.com,https://www.primosearch.com,SAFE,4,4% safe,
973,https://www.drom.ru,https://www.drom.ru,SAFE,4,4% safe,
974,https://www.wattpad.com,https://www.wattpad.com,SAFE,4,4% safe,
975,https://www.linkshrink.net,https://www.linkshrink.net,SAFE,4,4% safe,
976,https://www.filehippo.com,https://www.filehippo.com,SAFE,4,4% safe,
977,https://www.tube8.com,https://www.tube8.com,SAFE,4,4% safe,
978,https://www.google.com.mm,https://www.google.com.mm,SAFE,4,4% safe,
979,https://www.theepochtimes.com,https://www.theepochtimes.com,SAFE,4,4% safe,
980,https://www.wiley.com,https://www.wiley.com,SAFE,4,4% safe,
981,https://www.ck101.com,https://www.ck101.com,SAFE,4,4% safe,
982,https://www.hubspot.com,https://www.hubspot.com,SAFE,4,4% safe,
983,https://www.hm.com,https://www.hm.com,SAFE,4,4% safe,
985,https://www.investing.com,https://www.investing.com,SAFE,4,4% safe,
986,https://www.lifehacker.com,https://www.lifehacker.com,SAFE,4,4% safe,
987,https://www.weblio.jp,https://www.weblio.jp,SAFE,4,4% safe,
988,https://www.yourporn.sexy,https://www.yourporn.sexy,SAFE,4,4% safe,
990,https://www.investopedia.com,https://www.investopedia.com,SAFE,4,4% safe,
991,https://www.bild.de,https://www.bild.de,SAFE,4,4% safe,
992,https://www.humblebundle.com,https://www.humblebundle.com,SAFE,4,4% safe,
993,https://www.lapatilla.com,https://www.lapatilla.com,SAFE,4,4% safe,
994,https://www.hurriyet.com.tr,https://www.hurriyet.com.tr,SAFE,4,4% safe,
995,https://www.baike.com,https://www.baike.com,SAFE,4,4% safe,
996,https://www.elfagr.com,https://www.elfagr.com,SAFE,4,4% safe,
997,https://www.ieee.org,https://www.ieee.org,SAFE,4,4% safe,
998,https://www.engadget.com,https://www.engadget.com,SAFE,4,4% safe,
999,https://www.souq.com,https://www.souq.com,SAFE,4,4% safe,
1000,https://www.fromdoctopdf.com,https://www.fromdoctopdf.com,SAFE,4,4% safe,
