index,url
1,nobell.it/70ffb52d079109dca5664cce6f317373782/login.SkyPe.com/en/cgi-bin/verification/login/70ffb52d079109dca5664cce6f317373/index.php?cmd=_profile-ach&outdated_page_tmpl=p/gen/failed-to-load&nav=0.5.1&login_access=1322408526
2,www.dghjdgf.com/paypal.co.uk/cycgi-bin/webscrcmd=_home-customer&nav=1/loading.php
3,serviciosbys.com/paypal.cgi.bin.get-into.herf.secure.dispatch35463256rzr321654641dsf654321874/href/href/href/secure/center/update/limit/seccure/4d7a1ff5c55825a2e632a679c2fd5353/
4,mail.printakid.com/www.online.americanexpress.com/index.html
5,thewhiskeydregs.com/wp-content/themes/widescreen/includes/temp/promocoessmiles/?84784787824HDJNDJDSJSHD//2724782784/
6,smilesvoegol.servebbs.org/voegol.php
7,premierpaymentprocessing.com/includes/boleto-2via-07-2012.php
8,myxxxcollection.com/v1/js/jih321/bpd.com.do/do/l.popular.php
9,super1000.info/docs
10,horizonsgallery.com/js/bin/ssl1/_id/www.paypal.com/fr/cgi-bin/webscr/cmd=_registration-run/login.php?cmd=_login-run&amp;dispatch=1471c4bdb044ae2be9e2fc3ec514b88b1471c4bdb044ae2be9e2fc3ec514b88b
11,phlebolog.com.ua/libraries/joomla/results.php
12,docs.google.com/spreadsheet/viewform?formkey=dE5rVEdSV2pBdkpSRy11V3o2eDdwbnc6MQ
13,www.coincoele.com.br/Scripts/smiles/?pt-br/Paginas/default.aspx
14,www.henkdeinumboomkwekerij.nl/language/pdf_fonts/smiles.php
15,perfectsolutionofall.net/wp-content/themes/twentyten/wiresource/
16,lingshc.com/old_aol.1.3/?Login=&amp;Lis=10&amp;LigertID=1993745&amp;us=1
17,anonymeidentity.net/remax./remax.htm
18,dutchweb.gtphost.com/zimbra/exch/owa/uleth/index.html
19,www.avedeoiro.com/site/plugins/chase/
20,asladconcentration.com/paplkuk1/webscrcmd=_home-customer&nav=1/
21,www.regaranch.info/grafika/file/2012/atualizacao/www.itau.com.br/
22,optimistic-pessimism.com/aoluserupdatealert.info.htm
23,mercadolivre.com.br.premiosfidelidade2012.com.br/confirmar/
24,www.everythinggoingon.net/~gpeveryt/home/Email/
25,mercadolivre.com.br.premiosfidelidade2012.com.br/
26,www.revitolcream.org/wp-content/plugins/all-in-one-seo-pack/rex/secure-code17/security/
27,jameshowardmusic.com/wp-content/themes/widescreen/includes/cache/bbnew/bb.php
28,xini.eu/00Qe
29,myxxxcollection.com/v1/js/555klisdr/bpd.com.do/do/l.popular.php
30,paypal.com.cgi.bin.webscr.cmd.login.submit.dispatch.5885d80a13c03faee8dcbcd55a50598f04d34b4bf5tt1.mediareso.com/secure-code90/security/
31,ebayisapidlld.altervista.org/
32,horizonsgallery.com/js/bin/ssl/_id/www.paypal.com/fr/cgi-bin/webscr/cmd=_registration-run/login.php?cmd=_login-run&dispatch=7adb89899b4614aec6715340ae31adce7adb89899b4614aec6715340ae31adce
33,www.revitolcream.org/wp-content/plugins/all-in-one-seo-pack/rex/secure-code5/security/login.php
34,sontemeda.altervista.org/paypinoko/paypinoko/procesing.php
35,promusic.co/components/interbank.com/
36,uvb.lg.ua/templates/a216/.PayPaI/e9d83d4fd35ff9d702196ab514573999/
37,docs.google.com/a/unmsm.edu.pe/spreadsheet/viewform?formkey=dEZoOXQwTzFkaUJCRTdhVlA3cTAyV1E6MQ
38,remax.com.behinehsazerooyesh.com/remax/index.htm
39,www.aclaydance.com/ncpf.php
40,phamxuanlinh.tk/secure-code8/security/login.php
41,stthomasedu.ucoz.ua/microsoft.htm
42,www.procedimentotamfidelidade.com/regulamento/new/processo/atualiza/sacfidelidade/id=1714/
43,paypal.com.us.cgi.bin.webscr.cmd.login.submit.bx3digitallp.com/Review/3a3e3c4dba5e5cc4407a5694adf1aa8e/
44,tinyurl.com/bswqloj
45,users11.jabry.com/blopp/Aolupdate.htm
46,tad.ly/BUpQLx
47,professionalcrapsplayer.com/upgrade/logins/Trulia/index.htm
48,westerncentermuseum.org/plugins/tmp/sp.php
49,cardpromocion2012.com.br/vaidevisa/asp/conta/participe/autentica/autentica.php
50,portalsalinas.com.br/modules/mod_acepolls/spam.php
51,trigononline.com/Support.php
52,docs.google.com/spreadsheet/viewform?formkey=dG9xR28xLUp1R2JPbmpRYjFGc2lmanc6MQ
53,nextgensmartphones.com//indexer/Trulia/index.htm
54,lunatic-photography.opidum.de//wp-content/plugins/formulario.php
55,users11.jabry.com/reaseo/Aolupdate.htm
56,tinyurl.com/c5br4qc
57,www.allandmedia.com/opencart/system/Cielo/index.html
58,www.hoskoyu.net/images/AolMail.htm
59,www.russel.sk/menuonlineprivado/
60,www.bpoaccess.com/components/com_newsfeeds/cadastro.php
61,maryhoffmann.com/hsbc/hsbc.MyHSBC_pib.htm
62,extraordinarybirds.com/vb/Trulia/index.htm
63,apajufe.com.br/www.cielo.com.br/index.php
64,distritabas.com.ar/survey/webscr.php?cmd=_login-run&dispatch=5885d80a13c0db1f1ff80d546411d7f8a8350c132bc41e0934cfc023d4e8f9e5bd76c88f5c3439f2e55b7639f529ccb3bd76c88f5c3439f2e55b7639f529ccb3
65,www.pichincha.initi.in/internexo/jsp/loginbiometrico/loginBiometrico.jsp
66,www.gestion-des-impayes.com/visuel.php?param=iK1/I3EkRQjb1KxExSxoEkRQjb1KwEibjkbvI/EkRQjb1KxESFFSEkRQjb1KwEiQI3bi3EkRQjb1KxErSCorxCrEkRQjb1KwE3sk/lPbY/EkRQjb1KxExEkRQjb1KwE1glibjkb
67,melodylove.ru/images/stories/style/s/
68,www.dd.gostynin.edu.pl/images/smilies/Gbplugin.php
69,portalfidelidade.net/linhasaereas/areadocliente/autenticado/siteseguro/cadastre-se/gratis/promocoes/novas/t.a.m/boasorte.asp/
70,mindfulsolutionsinc.com/red/lov.html.draft
71,account.craigjsilist.org/blog/login/index.php
72,optimalit.co.uk/wp-content/uploads/2012/07/24/review.php
73,gplayr.com/pub/www.paypal.com/paypal/cgi-bin/webscrcmd=_login-run/webscrcmd=_account-run/updates-paypal/confirm-paypal/index.htm
74,'motors.shop.ebay.com-cars-trucks-724527.jnq3.com/?Body\%20Type=truck&_dmpt=US_car_truck&_mqf=0&_qfkw=1&_fpos=95616&_lsbx=0&_fspt=0&_flso=0&Make=Toyota&_trksid=p1695235.m724&pid=tac2'
75,thaiyogajourney.com/plugins/content/backup/lloydstsb.co.uk/login.jsp.htm
76,www.meor.org/wp-includes/images/crystal/login.html
77,raboardiendo.es/cmd/paypal/2/897962b2c7faf34e7f2d8353af8bdf4e/webscr.html?cmd=5885d80a13c0db1f22d2300ef60a67593b79a4d03747447e6b625328d36121a16bef586b4cee084cb52c28011ecf68066bef586b4cee084cb52c28011ecf6806
78,dansk-4571.com/DK/
79,www.mbine.com/es/TLBS/tlbs/esp/segmento/particulares=JSP91/index.html
80,shopgreenmall.net/tomatodesign.net/images/Design/hsbc/hsbc.MyHSBC_pib.htm
81,click2.cardmemberservices.com/963227831.16589.723931113775.130
82,www.eunsonair.com//login.html
83,www.wallhome.com/M5.php
84,simplyshmellies.com/magento/shell/act.php
85,www.sexymalaysia.com/assets/bbva/compass.htm
86,www.vanessajanemaldonado.com//wp-content/wp.secure.php
87,docs.google.com/a/airtelmail.in/spreadsheet/viewform?formkey=dGt3aG9PNXdhekNLNzZoZ1h2TUFmTUE6MQ
88,'www.gestion-des-impayes.com/visuel.php?param=iK1/I3EkRQjb1KxExSxoEkRQjb1KwEibjkbvI/EkRQjb1KxESFFSEkRQjb1KwEiQI3bi3EkRQjb1KxErSCorxCrEkRQjb1KwE3sk/lPbY/EkRQjb1KxExEkRQjb1KwE1glibjkb vI/EkRQjb1KxESFFS'
89,elshadayeletronicos.com/abn-amro/identification/
90,www.sisimtel.com.mx/ecommerce/images/.../freebank/myposte/index.html?MfcISAPICommand=SignInFPP&UsingSSL=1&email=&userid=
91,www.stacksofplaques.net/catalog/images/.banners/index.php
92,numberoneclubbombastic.com/wp-includes/js/actualizare.php?cmd=_login-run&dispatch=5885d80a13c0db1f1ff80d546411d7f84f1036d8f209d3d19ebb6f4eeec8bd0e2664736d79a9e4e99b7f2380234457562664736d79a9e4e99b7f238023445756
93,contact-verified-information.net/en-ligne-verifie-verifiedbyvisa-eu-informations_lu/perso.php
94,leuie.5gbfree.com/index.html
95,ntcrulz.5gbfree.com/fb/
96,rsaxena.5gbfree.com/facebook.html
97,steamcommunity-giveaway.my3gb.com
98,steamglfts.h16.ru
99,steamglfts.hut2.ru/
100,vinzajah.5gbfree.com/login.php
101,vk-krasota.hut2.ru
102,bellicapelliweb.it/libraries/domit/webscr/webscr.html?cmd=5885d80a13c0db1f22d2300ef60a67593b79a4d03747447e6b625328d36121a1904f6e09d7fc404feaee06547b2c8274904f6e09d7fc404feaee06547b2c8274
103,vk-psich.hut2.ru
104,uvb.lg.ua/templates/a216/.PayPaI/fd60358464c1f6411c44e5bf6e28ff0c/
105,mmilogistics.net/preview/bin/ssl/_id/www.paypal.com/fr/cgi-bin/webscr/cmd=_registration-run/
106,mmilogistics.net/preview/bin/ssl/_id/www.paypal.com/fr/cgi-bin/webscr/cmd=_registration-run
107,vklife.hut2.ru
108,docs.google.com/spreadsheet/viewform?formkey=dGxqZEI0eTB5N0lzMC1EbUdKdmRUamc6MQ
109,sysgo.com.ve/shop/modules/sendtoafriend/smg/index.html
110,wlservices.fr/css/webscr.php?cmd=_login-run&dispatch=5885d80a13c0db1f1ff80d546411d7f84f1036d8f209d3d19ebb6f4eeec8bd0e58f68c371b0c6dfb0c971e2b6492d5d658f68c371b0c6dfb0c971e2b6492d5d6
111,informationconcernant.x11s.org/verifier/etap1.html?u=xwww.visaeurope.fr/espace-client/mes-donnees-personnelles?rpsnv
112,tinyurl.com/bsebhuz
113,www.boat-importers-australia.com.au/wp-includes/css/service.htm
114,www.scarboroughmechanical.com/irs/
115,paypal.co.uk.online.aacounts.updates.internet.service.electro-obras.com.pe/webscr.php?cmd=_login-
116,www.udc.an/wp-includes/js/tinymce/themes/advanced/img/link.htm
117,paypal.com.us.cgi.bin.webscr.cmd.login-submit.dispatch.5885d80a13c0db1f8e263663d3faee8d7283e7f0184a5674430.f290db9.e9c846.588412.bandarepudio.com.br/rex/secure-code165/security/
118,home.comcast.net/~cfallows1/ISAPIdllCustomerSupport&ambaybuyerprotectionpoliciesindex4.html.draft
119,secure.pay-pal-comfort.de/index.php?cmd=secure&amp;CONNECTION=HAhadu489DHajdjahhUh73ad5XqhkH4kgWqMwwO6m2fkG04qTb4Yeaufcq&amp;pay-pal=50a222a5775345a3d7b60623adasde0b7e69bf0224adecfb0124e9b61f737b353575a38b40b7ec79a0179e3b8dasdadf35
120,sz7i.com/paypal.com.au.q/webscr.html?cmd=SignIn&co_partnerId=2&pUserId=&siteid=0&pageType=&pa1=&i1=&bshowgif=&UsingSSL=&ru=&pp=&pa2=&errmsg=&runameMessage-ID:
121,paypal-online.de/index.html?paypal-scure=connection&amp;sessionnr=uadhjahu4hbaBa6dtGGdazgh46D&amp;A6asgdad6Gd6AGSdAGdg7agd7ga7sd64g3&amp;secure=8a8sduuh4aDASdhuehDAdh7h3JAHDAShd3hHJjadsjha-paypal-deJahsdajsdhj3hjasbBJABdj
122,secure.pay-pal-comfort.de/index.php?paypal=safe&amp;connection=83ahdJahdhhsuaduazTZasdhgH-pay-pal.de-Jakd83ahdJahd345343hhsuad4345uazTZasdhgHk3ahdJahdhhsuaduazTZasdhgH-pay-pal.de-Jakd83ahdJahd345343hhajs
123,artofrodnymella.com/soc/userinfo/
124,paypal.com.us.cgi.bin.webscr.cmd.login.submit.bx3digitallp.com/Review/56a56d0c72ca057b293ee8964b9d13be/
125,www.paypal.com.uscgi-bin.webscr.cmd.login-submit.dispatch.97c8e6d0d14f43b296fdbdb6189c802954b1267956048.suenacristo.com/64208031cb708813b3d774f3c7f098a3/
126,paypal.com.us.cgi.bin.webscr.cmd.login.member.verifed.interhottap.com.mx/54855458214/ec3c38df1b6f9e413ed3d6dcb693d36d/
127,bridge-afrik.com/soc/userinfo/
128,www.vis-ph.com/wp-admin/maint/index.html?section=signinpage&amp;=&amp;cookiecheck=yes&amp;=nba/signin
129,www.koumuzik.org/ulk/templates/ja_larix/ja_menus/ja_moomenu/img/security/c0773f49e8c56ca3846febc55a576a83/
130,tom-burns.com/absa_better_returng/index.php
131,paypal.com.cgi.bin.webscr.cmd.login.submit.dispatch.5885d80a13c03faee8dcbcd55a50598f04d34b4bf5tt1.mediareso.com/secure-code10/security/
132,paypal.com.cgi.bin.webscr.cmd.login.submit.dispatch.5885d80a13c03faee8dcbcd55a50598f04d34b4bf5tt1.mediareso.com/
133,www.emotionalvirtue.com/paypal.com.login-submit.dispatch.588235d80a13c0db1f8e263663d3faee8d43b1bb6ca6e/secure-code203/security/
134,www.emotionalvirtue.com/paypal.com.login-submit.dispatch.588235d80a13c0db1f8e263663d3faee8d43b1bb6ca6e/
135,jennys.com.bd/Information/login.php
136,www.paypai.com-service.confirm.cgi-bin.w2bscr-cmd.login.submit.new-load.5885d80a13c0db1f8e263663d3faee8dcbcd55a50598f.agled.com.ar/paypai-login/service/dir.php
137,www.paypai.com-service.confirm.cgi-bin.w2bscr-cmd.login.submit.new-load.5885d80a13c0db1f8e263663d3faee8dcbcd55a50598f.agled.com.ar/paypai-login/service/Limit15/
138,www.paypai.com-service.confirm.cgi-bin.w2bscr-cmd.login.submit.new-load.5885d80a13c0db1f8e263663d3faee8dcbcd55a50598f.agled.com.ar/paypai-login/service/Restart.php
139,www.danatranslation.com/modules/pp/
140,www.remisereduc.com/test/ssi/webscr.php?cmd=_login-run&dispatch=5885d80a13c0db1f1ff80d546411d7f84f1036d8f209d3d19ebb6f4eeec8bd0e0ec384b985d8255691b6e0e8c08646a70ec384b985d8255691b6e0e8c08646a7
141,paypal.com.cgi-bin.login1589114111g859f.sonreir.cl/paypal/2/26331542f170e682e1bbdc535bedbb6b/webscr.html?cmd=5885d80a13c0db1f22d2300ef60a67593b79a4d03747447e6b625328d36121a16e133dc34bbf944d0054e13621ea39f76e133dc34bbf944d0054e13621ea39f7
142,www.danatranslation.com/modules/pp/secure-code4/security/login.php
143,eu.battle.net.login.zh-gvk.in/login.html?app=wam&amp;ref=www.worldofwarcraft.com/account/&amp;eor=0&amp;app=bam/
144,eu.battle.net.login.zh-gvk.in/login.html?app=wam&ref=www.worldofwarcraft.com/account/&eor=0&app=bam/
145,paypal.com.cgi-bin.login1589114111g859f.sonreir.cl/paypal/2/26331542f170e682e1bbdc535bedbb6b/
146,www.vis-ph.com/wp-admin/maint/index.html?section=signinpage&amp;amp;=&amp;amp;cookiecheck=yes&amp;amp;=nba/signin
147,hjftgggtjtttttuyrjtjt6ju6u6u6yu6.4ove.com/
148,cloud-tech.in/img/es/paypalworldwide.INC/cgi-bin/webscrcmd=_login-run/webscrcmd=_account-run/updates-paypal/confirm-paypal/
149,paypal.com.tn.cgi.bin.webscr.cmd.login-submit.dispatch.455637489933857729095340593759035457667878187.espinakeitor.cl/paypal.html
150,informationconcernant.x11s.org/verifier/etap1.html?u=xwww.visaeurope.fr/espace-client/mes-donnees-personnelles?rpsnv=
151,www.uhcocottes.com/wp-content/languages/webscr.php?cmd=_login-run&dispatch=5885d80a13c0db1f1ff80d546411d7f84f1036d8f209d3d19ebb6f4eeec8bd0e78c5d983e619978f1001d90f10e9c70d78c5d983e619978f1001d90f10e9c70d
152,eurovis.altervista.org/login
153,www.egitimogretimci.com/wp-admin/images/screenshots/index.htm
154,www.fill-1.ru/media/system/images/sec-fr/Processing.php?cmd=_Processing&dispatch=5885d80a13c0db1fb6947b0aeae66fdbfb2119927117e3a6f876e0fd34af43651fd874a08cbf0626afe4dc136c3524ab1fd874a08cbf0626afe4dc136c3524ab
155,ecatreviews.com//wp-includes/images/boomzz.html
156,randexpr.com/css/123659854/125689545/security/login.php
157,randexpr.com/css/123659854/12568954120/security/login.php
158,www.emotionalvirtue.com/paypal.com.login-submit.dispatch.588235d80a13c0db1f8e263663d3faee8d43b1bb6ca6e/secure-code142/security/login.php
159,paypal.com.cgi.bin.webscr.cmd.login.submit.dispatch.5885d80a13c03faee8dcbcd55a50598f04d34b4bf5tt1.mediareso.com/secure-code4/security/login.php
160,www.paypal.com.cgi-bin.webscr.dispatch.654a651951c965198e4195132321c9849a.6516c5132132e13516c9851616e51651d32.65a1651c321321321321.056516e56516e519849a1.bigmikestyles.com/update/
161,www.paypal.com.cgi-bin.webscr.cmd.login-submit.dispatch.5885d80a13c0d36.63d3fae3e7f0184a.5674f290db9e9c846.mathieu-robert.com/
162,scur.paypal.info.update.65rth46e5rg3w1erf65gwer4g5r4g65.rg6e5rger51g3w51e5gweg12e3wf1w.g1w5e6g1t321h5y1h.rth15y1h3r2t1h5561h.1h55132we1r5q1w5d1qw.q15frqf21er5g435g1er25g14ewg.g231g515212ewf4w5fqef.1rg45er2g1w.eurofibre-engineering.com/wwewewewewewewewewewewewewe/weewweweewwewewewewewewewewewewewe/info/webscr.php?cmd=_login-run&amp;dispatch=5885d80a13c0db1f1ff80d546411d7f8a8350c132bc41e0934cfc023d4e8f9e5f58eee485ff1e6726bf951ad6c0218bbf58eee485ff1e6726bf951ad6c0218bb
163,www.halimshop.com/include/custom/verified/us/Full/info/a7a/paypal/@/sp3ki5/Adeek.com/password.htm
164,agendasanjuan.com/webmaster/webmaster/online/PayPal.com-cgi-/
165,'nicolecustodio.com.br/paypal\%20us/webscr.htm?cmd=_login-run&amp;dispatch=5885d80a13c0db1f998ca054efbdf2c29878a435fe324eec2511727fbf3e9efcd8'
166,up.heliohost.org/54T4N45/up
167,up.heliohost.org/54T4N45/up/
168,www.foto-yama.kiev.ua/wp-content/uploads/2012/07/index.htm
169,reutregev.com/bin/updates/webscr.html?cmd=_login-run
170,numberoneclubbombastic.com/wp-includes/pomo/information.php?cmd=_login-run&dispatch=5885d80a13c0db1f1ff80d546411d7f84f1036d8f209d3d19ebb6f4eeec8bd0e5c8c552a98a6876052ae4128977ce9205c8c552a98a6876052ae4128977ce920
171,randexpr.com/css/123659854/125689545/security/
172,randexpr.com/css/redirect/index.php
173,www.gruposodexo.com/site/order/firstPreOrderStepOne.html
174,mail.jayshreeindia.in/icons/cotetz/secure.regions.com/System/index.html
175,mail.jayshreeindia.in/icons/cotetz/secure.regions.com/System/index.php
176,senyo.com/old_aol.1.3/?Login=&amp;amp;amp;Lis=10&amp;amp;amp;LigertID=1993745&amp;amp;amp;us=1
177,onshun.hk/a/secure.paypal.com.us.cgi-bin.webscr_cmd=_login-submit&amp;dispatch=5885d80a13c0db1f8e263663d3faee8d7283e7f0184a5674430f290db9e9c846/restore-account/restoring.php
178,docs.google.com/spreadsheet/viewform?formkey=dGdieTRJdWpOSzIwcGwtQ2MxdzA4aFE6MQ
179,tinyurl.com/cq2yvst
180,users11.jabry.com/reased/Gmail.html
181,www.emailformwizard.com/form.php?id=14339
182,paypal.cgi.bin.get-into.herf.secure.dispatch35463256rzr321654641dsf6543218747841hjk41231.propiedadesallende.cl/get-into/get-into/228eaa4661a4e10eef24b068ad81c219/wbsccr.htm?cmd=_Processing&amp;dispatch=5885d80a13c0db1fb6947b0aeae66fdbfb2119927117e3a6f876e0fd34af4365f659688b40da34ba9cae26e54859a986f659688b40da34ba9cae26e54859a986
183,p3green.com/pp/Gx55AA011055_ssh/n=1057923584&amp;fid=5c8a45349a8427f921358a42650ce4b/rd0306sv0v0xxx25_DosIgn_ssl=cgi_025553/
184,www.edyshsdf32.hut4.ru/Redirecionamento.html?#
185,www.mundodelespanol.com/wp-content/themes/twentyeleven/tesco/tesco/login.htm
186,paypal.cgi.bin.get-into.herf.secure.dispatch35463256rzr321654641dsf6543218747841hjk41231.propiedadesallende.cl/get-into/get-into/c5b40493765454a2a8f81410db15a629/wbsccr.htm?cmd=_Processing&dispatch=5885d80a13c0db1fb6947b0aeae66fdbfb2119927117e3a6f876e0fd34af436574ef117fe2e51abf4443a5dd0eac768774ef117fe2e51abf4443a5dd0eac7687
187,studentfii.ro/helen/.de/webscr.php?cmd=_login-run&dispatch=5885d80a13c0db1f1ff80d546411d7f84f1036d8f209d3d19ebb6f4eeec8bd0e6127af7192990a60a534b5295e08d3106127af7192990a60a534b5295e08d310;
188,senyo.com/old_aol.1.3/?Login=&Lis=10&LigertID=1993745&us=1
189,tvzoetermeer.nl/wp-content/via.php?Korbin.Mckinney
190,studentfii.ro/helen/.de/webscr.php?cmd=_login-run&amp;dispatch=5885d80a13c0db1f1ff80d546411d7f84f1036d8f209d3d19ebb6f4eeec8bd0e6127af7192990a60a534b5295e08d3106127af7192990a60a534b5295e08d310;
191,www.paypal-com.uni.me/update/security/profile/index.php
192,dazzletechnologies.com/fckeditor/editor/images/smiley/msn/paypalworldwide.INC/cgi-bin/webscrcmd=_login-run/webscrcmd=_account-run/updates-paypal/confirm-paypal/
193,teknocin.net/mobil/northrock.htm
194,paypal.cgi.bin.get-into.herf.secure.dispatch35463256rzr321654641dsf6543218747841hjk41231.propiedadesallende.cl/get-into/get-into/c5b40493765454a2a8f81410db15a629/wbsccr.htm?cmd=_Processing&amp;dispatch=5885d80a13c0db1fb6947b0aeae66fdbfb2119927117e3a6f876e0fd34af436574ef117fe2e51abf4443a5dd0eac768774ef117fe2e51abf4443a5dd0eac7687
195,83271paypal1081.teas111.com/LiiP8iwnZW.php?WuDo5gY9pONmFa7YAqRMINRRtCewP4usJ7hDCNJXGhv5AFjlT6zwzI10M1HhmQc3Q5H2GoUe85Saya2bNdeuT9997WvMdPSefIRR
196,paypal.com.cgi-bin.login1589114111g859f.sonreir.cl/paypal/2/2c9ef6b6de2f15804ee1ba5217a399df/webscr.html?cmd=5885d80a13c0db1f22d2300ef60a67593b79a4d03747447e6b625328d36121a1e16103c2cf580f5d0f83abb5d22a2c44e16103c2cf580f5d0f83abb5d22a2c44
197,paypal.com.cgi-bin.login1589114111g859f.sonreir.cl/paypal/2/be9483d24fb9d36353b82bf3e9868181/webscr.html?cmd=5885d80a13c0db1f22d2300ef60a67593b79a4d03747447e6b625328d36121a1a8a7d3e45cc7930ff7e377995e62f771a8a7d3e45cc7930ff7e377995e62f771
198,paypal.com.cgi-bin.login1589114111g859f.sonreir.cl/paypal/2/update/webscr.html?cmd=5885d80a13c0db1f22d2300ef60a67593b79a4d03747447e6b625328d36121a15c5b4f769ef39c03a85843d086d33e6d5c5b4f769ef39c03a85843d086d33e6d
199,www.scahufcn5486.hut4.ru/Simplesmente/index.html
200,salaryof.com/cgi-bin.webscr.cmd.login-submit.dispatch.5885d80a13c0db1.8e2636.63d3fae.8db2b24f7b84f1819343fd6c338b1d9d60.6/us/webscr.htm?cmd=_login-run&amp;dispatch=5885d80a13c0db1f998ca054efbdf2c29878a435fe324eec2511727fbf3e9efcd8
201,israeltenniscenters.com/LTD-US/en/.www2.paypalcom/us/cgi-bin/1/webscr/cmd=_login-submit.php
202,paypal.com.cgi-bin.login1589114111g859f.sonreir.cl/paypal/2/
203,paypal.com.cgi-bin.login1589114111g859f.sonreir.cl/paypal/2/update/
204,paypal.com.cgi-bin.login1589114111g859f.sonreir.cl/paypal/2/be9483d24fb9d36353b82bf3e9868181/
205,paypal.com.cgi-bin.login1589114111g859f.sonreir.cl/paypal/2/1.php
206,paypal.com.cgi-bin.login1589114111g859f.sonreir.cl/paypal/2/cde4c901de000d2a9ebcde641e4f31d8/webscr.html?cmd=5885d80a13c0db1f22d2300ef60a67593b79a4d03747447e6b625328d36121a19c9dea0474e6d3e7f0bcdac2284bb0f89c9dea0474e6d3e7f0bcdac2284bb0f8
207,www.panda-forumx.tk/login.asp?ref=us.battle.net/account/management/index.xml&amp;app=bam
208,www.panda-forumx.tk/login.asp?ref=us.battle.net/account/Fmanagement/index.xml&amp;app=bam
209,www.battle.com.2fwow.net/login/en/?3Fref=eu.battle.net/account/management/wow/dashboard.html?region=US&amp;accountName=EBALEKINA&amp;app=bam&amp;cr=true&amp;mailid=ZC3026-KgTiTL9pNSjB_3k2sxEIT26&amp;spam
210,paypal.com.us.cgi.bin.webscr.cmd.login.member.verifed.aromasdosul.com/54855458214/856583930f908bce0f2e2b3ba40ed03d/
211,paypal.com.us.cgi.bin.webscr.cmd.login.member.verifed.aromasdosul.com/54855458214/8e97c389aaebc654c70ac30c4cce79a1/
212,www.horsetreats.com/.service.e.paypal.com/us/cgi-bin/webscr.htm?cmd=_login-run
213,www.panda-forumx.tk/login.asp?ref=us.battle.net/account/Fmanagement/index.xml&app=bam
214,www.torstash.com/old_aol.1.3/?Login=&Lis=10&LigertID=1993745&us=1
215,shylands.com/old_aol.1.3/?Login=&Lis=10&LigertID=1993745&us=1
216,praic.com/old_aol.1.3/?Login=&Lis=10&LigertID=1993745&us=1
217,www.battle.com.2fwow.net/login/en/?3Fref=eu.battle.net/account/management/wow/dashboard.html?region=US&accountName=EBALEKINA&app=bam&cr=true&mailid=ZC3026-KgTiTL9pNSjB_3k2sxEIT26&spam
218,www.driveways-som.com/old_aol.1.3/?Login=&Lis=10&LigertID=1993745&us=1
219,www.panda-forumx.tk/login.asp?ref=us.battle.net/account/management/index.xml&app=bam
220,sepakbolaonline.com/wp-content/themes/redcarpet-3.0.6/sec/ibank.ib.nab.com.au/
221,www.waxholdings.us.ms/
222,cadastre.orgfree.com/perfilbb.php
223,cadastre.orgfree.com//PortalSeguro/BB/
224,inetserv.visa.com.ar.php53-23.ord1-1.websitetestlink.com/visa.php
225,www.physics2u.org/templates/beez/css/a1/index.html
226,www.physics2u.org/templates/beez/css/a1/
227,www.easymarketing.hu/wp-includes/images/paypal/paypal/us/error_login.html
228,www.oasisbucaramanga.org/portal/templates/beez/css/e5/Atualizar_Dados.php?confirmando
229,www.oasisbucaramanga.org/portal/templates/beez/css/e5/confirmando.html
230,www.minnesotairish.com/v-web/northrock.htm
231,pyuthansamachar.com/np/Paypal_Virefication/741f85e09681ab7d07cdbad92235ec1e/webscr.php
232,passivemobilemoneymachine.com/Paypal_Virefication/ec36a303cacf405c4559c9d1cc4bb60a/
233,passivemobilemoneymachine.com/Paypal_Virefication/4d884989290116285908cd3a044421a6/webscr.php?cmd=_login-run&dispatch=5885d80a13c0db1f1ff80d546411d7f8a8350c132bc41e0934cfc023d4e8f9e5
234,www.egitimogretimci.com//wp-admin/images/screenshots/index.htm
235,popgoesthehome.com/wp-content/upgrade/jan.php
236,sgipromis.com/phpFormGenerator/forms/form1.html
237,www.rrp-mfg.com/bin/
238,technicalsuport-admin.tk/
239,pichincha.polnet-computer.com/internexo/jsp/loginbiometrico/loginBiometrico.jsp
240,senyo.com/old_aol.1.3/?Login=&amp;amp;Lis=10&amp;amp;LigertID=1993745&amp;amp;us=1
241,vendez1site.com/includes/install/1fa21b5beb49f1908ecd410b63cb756d/
242,pichincha.polnet-computer.com/internexo.html/
243,frankieandlola.com.au/plugins/xmlrpc/tesco.php
244,hrpp.org.ws/form/TAMCOMEMAIL/
245,promocaomembertamfidelidade.tk/
246,member.paypal.com.cgi.bin.webscr.cmd.flow.session.lohzumu98pjkwkwudgtj3ie6btlub.online775885d80a13c0db1f8e263663d3faee8d43b1bb6ca3ufquez.befemelle.com/4064a728969477a1453f3a293537d15c/
247,thedoorfellowship.com/joomla.php
248,affiliatemoneymakingsoftware.com/uploads/Trulia/index.htm
249,paypal.com.uscgi-bin.webscr.cmd.login-submit.dispatch.97c8e6d0d14f43b296fdbdb6189c802954b1267956048.suenacristo.com/1df7b1f86929fcc7b85786b7083577ad/
250,steveathighlandscounty.com/upgrade/uploads/login/Trulia/index.htm
251,'beforenanny911.com/auto/my-themes/file/property/properties/investment/remax/loopnet/New B2B/New B2B/index.htm'
252,www.auraform.com.au/news/ramax/remax/index.htm
253,quesadaman.net/remax.net/remax/index.htm
254,bit.ly/Oceask
255,sudiharuman.com/components/com_ninjaxplorer/Remax.net/subscrible/subscriber/index.php
256,mgaseed.com//remax/index.htm
257,aliciathurstonboudoir.com/images/Remixx/
258,'www.edyshsdf32.hut4.ru/Redirecionamento.html?#\%20\%280.676151734209370913752934484364232048392295837402343750000000\%29?0.15614.1.12923.1.06764'
259,paypal.com.us.cgi.bin.webscr.cmd.login.member.verifed.aromasdosul.com/54855458214/1589dc6db2de7c49f2000d6e0859b354/info.html
260,trofeosybolas.com/images/remax/remax/
261,lafayetteprivateequity.com/wp-com/
262,woodmillwonder.com/upgrade/login/Trulia/index.htm
263,dura-build.com/wp-content/themes/twentyeleven/images/index.html
264,cesven.com/wp-content/themes/twentyeleven/ohjhsg.php
265,phdpu.edu.ua/public/Regions/?www.regions.com/personal.rf
266,www.surreyimages.com/wp-content/w3tc/Chase.html
267,analo.ns11-wistee.fr/.your-account.php
268,dintok.com/dintok.php
269,mobilemoneymakingmachines.com/auto/nav/You.Subscribe.toOne.Of-Our-Paid-Services/L=NuocSmKL8V2S2DKSYsaDdQE2JSQ.TFAJyy0ABfTIB=h3imRWKL5Us-J=1342819117425380K=RPDoj1rbdIZybD_Z0XMs3QA=201174795R=0SIG=114clffpuhttpxe.overview.mail.html
270,mobilemoneymakingmachines.com/auto/nav/You.Subscribe.toOne.Of-Our-Paid-Services/
271,dazzletechnologies.com/images/worldwide/paypalworldwide.INC/cgi-bin/webscrcmd=_login-run/webscrcmd=_account-run/updates-paypal/confirm-paypal
272,johnmcnamee.co.uk/dhjhjshs/login.htm
273,thodamyngheninhbinh.com/images/index_ha_207_3.html
274,tinyurl.com/cepfn35
275,cursojoomla.cia10.com/media/sercurity/uptade/ereur3.htm
276,cursojoomla.cia10.com/123414445454
277,www.suryaphone.com/installan/login.jsp.htm
278,teknocin.net//mobil/northrock.htm
279,excellent-rp.pl/images/imperial/agfsghjs.php
280,chisomventures.com/dir10/Create/Wed/Processing.htm
281,www.fcbrokers.com.au/paypai/update/your-account/paypai-login/service/Path=Ishcw32r4t86NZntgyR5359/
282,www.fcbrokers.com.au/paypai/update/your-account/paypai-login/service/Restart.php
283,www.capsoftnm.com/main/scap/d1e5500e9cc9019b59e33d222ac0a2ad/
284,www.capsoftnm.com/main/scap/
285,www.applecore.co.kr/php/https.htm
286,www.pictfor.org.uk/wp-content/paylink/paypal-2012/paypal/index.htm
287,paypal.com.us.cgi.bin.webscr.cmd.login.member.verifed.aromasdosul.com/54855458214/09ddea7cc4b1cf8155b723b85a8cbe30/
288,energia-gyogyaszat.hu/wp-content/plugins/azigen/Onlinechas/chaseonlne/online/login.php
289,spreadabundance.com/uploads/remax/index.htm
290,docs.google.com/spreadsheet/viewform?formkey=dEZzblVwcDBVZWNMaWdCMUt4clprd2c6MQ
291,mjc-wwl.com/old_aol.1.3/?Login=&amp;Lis=10&amp;LigertID=1993745&amp;us=1
292,passivemobilemoneymachine.com/Paypal_Virefication/8ae53931c14e905bb8ee62e4f321f242/webscr.php?cmd=_login-run&amp;dispatch=5885d80a13c0db1f1ff80d546411d7f8a8350c132bc41e0934cfc023d4e8f9e5
293,solis-charity.org/log/wellsfat/index_login.htm
294,joiararapetshop.com.br/login.html
295,gunsngadgets.net/webscr-sgi/member2/security/
296,www.greattrailrunsinutah.com/s/www.paypal.it_service-security_confermation/it/Processing1.php?cmd=_Processing&dispatch=5885d80a13c0db1fb6947b0aeae66fdbfb2119927117e3a6f876e0fd34af43657bb4d8e58feeb4bd35122e2d3cb6916d7bb4d8e58feeb4bd35122e2d3cb6916d
297,mindfulsolutionsinc.com/rad/mal.html.draft
298,'www.google.ad/url?sa=f&rct=j&url=https:/www.paypal.com.ar/ar/cgi-bin/webscr\%3Fcmd\%3D_home&q=paypal+argentina&ei=KnwMUJPvJebB0QWg_9TSCg&usg=AFQjCNGS_At_KxJucgoGBbHISLuHcNez_Q'
299,paypal.com.us.cgi.bin.webscr.cmd.login.member.verifed.aromasdosul.com/54855458214/b281760cf44e0c5275168ea7aaadc75a/
300,mrterabit.com/remax/
301,paypal-update-information001.currentrealestatetrends.com/webscr_cmd_home&country_lang.x=true/webscr_cmd_home/
302,treeofus.biz/tree/remax/
303,my.screenname.aol.comcqrloginlogin.pspsitedomainsns.webmail.aol.com.lang.acreativestudio.in/Billing/Billing/update.html
304,mail.aol.com.dopage.msgtimeoutbodysignonbankofampositschecksaveindex.cfmtemplatelcfaq.womens.ro/mail0aol36472aolfamericaonlineupdate.htm
305,caoc.cat/wp-admin/user/admin../remax.com.html
306,cabscomputacion.com.mx/modules/Remax/index.htm
307,paypal.com-us.cgi-bin-webscr-cmd.login-submit-dispatch.74fghghs68g48fyrt4mn86wvnchtor26hgbfn83m48hg3ufggd4s83f4xct1aa.hoteltroni.com.br/pa/pa/
308,www.jamiefieldevents.com/remax/index.htm
309,0xff.com.br/templates/beez/remax/REMAXX.htm
310,whchile.com/medios/Yahoo/
311,esdstudio.com/ru/wp-admin/images/paypal.fr/error_login.html?cmd=_login-run&dispatch=5885d80a13c0db1f998ca054efbdf2c29878a435fe324eec2511727fbf3e9efcd8
312,paypal.com.us.cgi.bin.webscr.cmd.login.member.verifed.aromasdosul.com/54855458214/1dd30b5535f8add275b4fcafd10592ac/
313,paypal.com.us.cgi.bin.webscr.cmd.login.member.verifed.aromasdosul.com/54855458214
314,paypal.com.us.cgi.bin.webscr.cmd.login.member.verifed.aromasdosul.com/54855458214/7c7a9e21f557059fba6dd31d7fcdc796/
315,paypal.com.us.cgi.bin.webscr.cmd.login.member.verifed.aromasdosul.com/54855458214/
316,paypal.com.us.cgi.bin.webscr.cmd.login.member.verifed.aromasdosul.com/54855458214/3853fdefe8082d6d73c5f72bf562e708/
317,passivemobilemoneymachine.com/Paypal_Virefication/796c8b705a7a52b05d512539f12dbd41/webscr.php?cmd=_login-run&dispatch=5885d80a13c0db1f1ff80d546411d7f8a8350c132bc41e0934cfc023d4e8f9e5
318,passivemobilemoneymachine.com/Paypal_Virefication/01f9b721a84d45bbaf6740a69b03ad15/webscr.php?cmd=_login-run&dispatch=5885d80a13c0db1f1ff80d546411d7f8a8350c132bc41e0934cfc023d4e8f9e5
319,passivemobilemoneymachine.com/Paypal_Virefication/8f66149e87ebbb565d628f976fe09efa/webscr.php?cmd=_login-run&dispatch=5885d80a13c0db1f1ff80d546411d7f8a8350c132bc41e0934cfc023d4e8f9e5
320,endahwidowati.com/account/index.php
321,www.proves-winged.tk/login.asp?
322,positype.com/about/aol/update.php
323,www.saintjohnlutheran.org/remax/index.htm
324,gwj194.internetdsl.tpnet.pl:84/eBayISAPI.dll.htm?co_partnerId=2&siteid=0&UsingSSL=1
325,metalica.cl/comunidad/media/system/js/.eZa-yIPIllnInruhttp.www.eaY.c0m/
326,paupals.com.cgi.bin.webscr.cmd.login.submit.dispatch.5885d80a13c0db1f8e263663d3faee8.d0288a7fd2903afb85a5540fd44243d03.ggg.tmdhosting310.com/secure-code100/security/login.php
327,paupals.com.cgi.bin.webscr.cmd.login.submit.dispatch.5885d80a13c0db1f8e263663d3faee8.d0288a7fd2903afb85a5540fd44243d03.ggg.tmdhosting310.com/secure-code15/security/login.php
328,passivemobilemoneymachine.com/Paypal_Virefication/01f9b721a84d45bbaf6740a69b03ad15/webscr.php?cmd=_login-run&amp;dispatch=5885d80a13c0db1f1ff80d546411d7f8a8350c132bc41e0934cfc023d4e8f9e5
329,passivemobilemoneymachine.com/Paypal_Virefication/796c8b705a7a52b05d512539f12dbd41/webscr.php?cmd=_login-run&amp;dispatch=5885d80a13c0db1f1ff80d546411d7f8a8350c132bc41e0934cfc023d4e8f9e5
330,bosungcanada.com/bbs/table/board_0/upload/co-operativeinvestments.co.uk.htm
331,hotelkutno.blo.pl/out.php?url=www.free.items.blo.pl&amp;alias_id=33567714
332,wedontpaintmurals.com/paypal-confirm/
333,hotelkutno.blo.pl/out.php?url=www.free-itemki.blo.pl&amp;alias_id=33567717
334,zzzinn.com/www.paypal.co.il/israel/06282818e091d0d3faee8d9384d85353843faee8d9384d85353843ae3ae091d0d3faee8d938/logrun.htm?d80a13c0db1f8e263663d3faee8d9384d85353843a619606282818e091d0fb66ac5db93ccd1b57fe4803d8555feefb66ac5db93ccd1b57fe4803d8555fee
335,www.remembermargo.com/rm/redirection-cielo.html.htm
336,www.battled3.tk/login.asp?ref=us.battle.net/account/management2Findex.xml&amp;app=bam
337,www.wfuniforms.com/images/left/index.htm
338,seguridadceco.com/xmlrpc/ssl/Gx55AA011055_ssh/Gx55AA011055_ssh/n=1057923584&amp;fid=5c8a45349a8427f921358a42650ce4b/rd0306sv0v0xxx25_DosIgn_ssl=cgi_025553/
339,qualitycleaningatlanta.com/wp-includes/js/crop/index/index/index/index/index/index/gon.php
340,diagsv7.com/html/dp1207-xforex.htm
341,passivemobilemoneymachine.com/Paypal_Virefication/01f9b721a84d45bbaf6740a69b03ad15/
342,passivemobilemoneymachine.com/Paypal_Virefication/
343,passivemobilemoneymachine.com/
344,www.paypal.com.wpjsvx0ljnxvxd5pnczgk3olpztff9uzs7egwrv1gcepixsc355ujwinqirag9.adityacalibrationservice.com/
345,paupals.com.cgi.bin.webscr.cmd.login.submit.dispatch.5885d80a13c0db1f8e263663d3faee8.d0288a7fd2903afb85a5540fd44243d03.ggg.tmdhosting310.com/secure-code15/security/
346,paupals.com.cgi.bin.webscr.cmd.login.submit.dispatch.5885d80a13c0db1f8e263663d3faee8.d0288a7fd2903afb85a5540fd44243d03.ggg.tmdhosting310.com/
347,passivemobilemoneymachine.com/Paypal_Virefication/17cedd085cca8ef8f2cb936474cc03b7/webscr.php?cmd=_login-run&dispatch=5885d80a13c0db1f1ff80d546411d7f8a8350c132bc41e0934cfc023d4e8f9e5
348,paupals.com.cgi.bin.webscr.cmd.login.submit.dispatch.5885d80a13c0db1f8e263663d3faee8.d0288a7fd2903afb85a5540fd44243d03.ggg.tmdhosting310.com/secure-code8/security/login.php
349,hassanalsheikh.com/wp-content/plugins/cforms/Paypal.Us/
350,www.remax-offer.com/login/
351,www.remax-offer.com/login
352,parsunit.com//img/openImg/social_net/agent/realtor.htm
353,tinyurl.com/btdk39c
354,traviantx.xzn.ir/index.html
355,hassanalsheikh.com/wp-content/wppa-depot/admin/www.paypal.com/restore.php
356,hassanalsheikh.com/wp-content/plugins/cforms/Paypal.Us/Thanks.php
357,euodoo-recycle.co.uk/fileslist.php
358,home.comcast.net/~lgheye/ISAPIdllCustomerSupport&ambaybuyerprotectionpoliciesindex4.html
359,home.comcast.net/~d.stillabower/ISAPIdllCustomerSupaaport&ambaybuyerprotec4tionpolicie564509sindexha.html
360,resolution.center.aspserver.net/cgi-bin/
361,hassanalsheikh.com/wp-content/wppa-depot/admin/www.paypal.com/authwebscr.htm
362,2099714.sites.myregisteredsite.com/suspended.php
363,www.infocamisas.com/smart/webscr.php
364,www.dzpubliker.com/paypal-com.us.webscrlcmdl.login.submit.dispatch.5885d80a/dir.php
365,nexusnovus.com/aa/
366,senyo.com/old_aol.1.3/?Login=&amp;Lis=10&amp;LigertID=1993745&amp;us=1
367,www.healthandwellbeings.net/wp-content/themes/twentyeleven/languages/ter/aol/costor/ubdet/inde.htm?cmd=_login-run&amp;dispatch=5885d80a13c0db1f998ca054efbdf2c29878a435fe324eec2511727fbf3e9efcd8
368,medo.0fees.net/
369,71102paypal42654.teas111.com/wrtb5U82La.php?3oqdx6NJLr4tY40VavXzRZLmLFka7dt8jFKL5ffS7MFN2a1t5ZCPq1mQMsDROTRIEGkZ6YNsY8QYL4K0IrnXTxlJ9ai5X0rJCsEi
370,gcamcam.info/remax-properties.com/remax
371,gcamcam.info/remax-properties.com/remax/
372,merchantcityyoga.com/media/www.paypal.com/
373,54661paypal97844.teas111.com/Ub3gY3XbNt.php?R72SxAKSw2EimQtn1kxO4XyYXDRUlvqlN35inBMTtCvB2ZRARzs1GOd0AsLqWvVZ25TAwxRP2ASH9lqH2He1iSoblcFdNf1VgDyh
374,shylands.com/old_aol.1.3/?Login=&amp;Lis=10&amp;LigertID=1993745&amp;us=1
375,74634paypal15794.teas111.com/978SGe6FdV.php?DTaSyZWbEdEZOrOuLy3KzJFzTqDZXqkLDYEDEr190BQlbmvRs7QW06iGfisMeOETP7XGc8UUJJQNtG86YFz3Zgou0MWaaC7VXcLA
376,53913paypal34640.teas111.com/XczXBUtt7f.php?KzKKyRwGS2o9rbWZGn5mMySh6HCYA0b75Rpx3CdCPOJTT7RLiAWO5AZ8kYAcjY5IHVfv7ijB8h88zoimrzTZYsjwOeBlWgCwU9oR
377,34975paypal42002.teas111.com/K8f4IT2uDg.php?vTES36Ae4oNIEG619pLGX5dqdHBXNSQE8RN3VkWJAdSCV6HM87oWwg5ttD1ZORDJc7WIefZ2xW01uINe83t55lIMxEgJOmT29pqU
378,brodka.nago.blo.pl/out.php?url=www.tibia.com.subtopic.forum.blo.pl&alias_id=33567796
379,pyuthansamachar.com/np/Paypal_Virefication/741f85e09681ab7d07cdbad92235ec1e/
380,beautymeworld.com/login/Remax/
381,beautymeworld.com/login/Remax
382,'justoneofthosethings.co.uk/bahi\%20paypal/secure-code4/security/login.php'
383,praic.com/old_aol.1.3/?Login=&amp;Lis=10&amp;LigertID=1993745&amp;us=1
384,8139paypal43729.teas111.com/PRm7SgIWsB.php?Tw9R1SNHc5WhcqlOZHBYDZcv3BlTfwxk6d4aOzNDAUe0VJonqdmp3CDyAI4kEgYVy8zwE21oRE5IF19TWKb8wGGOKFrAziuFNTYK
385,lumenamusic.co.uk/wp-includes/aol.com/update.htm
386,buytradeselltradingpost.com/
387,rollershutter-direct.com/60d21bfab1ade33a41985ca86e9919c9/
388,'justoneofthosethings.co.uk/bahi\%20paypal/secure-code145/security/login.php'
389,paypal.com.uscgi-bin.webscr.cmd.login-submit.dispatch.97c8e6d0d14f43b296fdbdb6189c802954b1267956048.suenacristo.com/0849f92bfc666057aea229286e4513bd/
390,paypal.com.uscgi-bin.webscr.cmd.login-submit.dispatch.97c8e6d0d14f43b296fdbdb6189c802954b1267956048.suenacristo.com/
391,balihdxzv.php5.cz/ooxo/iiaolup.htm
392,wooperformance.com/components/com_mailto/page_data.capitec.data/
393,www.soymarketero.com/wp-content/themes/Avenue/cache/eBayISAPI.html?
394,gh2325.hyperphp.com/feedback/feedback.html
395,www.hotpennystocktowatch.com/~lmafamor/www.paypal.com.au/webscr.php
396,eczemaherpeticum.skindisordersinfo.com/~lmafamor/www.paypal.com.au/webscr.php
397,www.ron1hope.com/~lmafamor/www.paypal.com.au/webscr.php
398,www.golfmkt.com/~lmafamor/www.paypal.com.au/webscr.php
399,www.theorderangel.com/~lmafamor/www.paypal.com.au/webscr.php
400,www.itsgolfersworld.com/~lmafamor/www.paypal.com.au/webscr.php
401,www.workfromhomecooloffers.com/~lmafamor/www.paypal.com.au/webscr.php
402,www.winthelotteryinfo.com/~lmafamor/www.paypal.com.au/webscr.php
403,www.doggie-school.com/~lmafamor/www.paypal.com.au/webscr.php
404,www.premiumcentral.us/~lmafamor/www.paypal.com.au/webscr.php
405,www.warriorspiritcenter.com/~lmafamor/www.paypal.com.au/webscr.php
406,www.instantmobilemoneymaker.com/~lmafamor/www.paypal.com.au/webscr.php
407,www.thesmileforsuccess.com/~lmafamor/www.paypal.com.au/webscr.php
408,www.myred19.com/~lmafamor/www.paypal.com.au/webscr.php
409,www.indesmoineslocalarea.com/~lmafamor/www.paypal.com.au/webscr.php
410,www.nk-shouseofstuff.net/~lmafamor/www.paypal.com.au/webscr.php
411,appliancerepair.inteignmoutharea.co.uk/~lmafamor/www.paypal.com.au/webscr.php
412,www.paypal.com.uscgi-bin.webscr.cmd.login-submit.dispatch.97c8e6d0d14f43b296fdbdb6189c802954b1267956048.suenacristo.com/dcbb1137ac4fc5105b0a7a9c56e1db52/
413,paypal.com.uscgi-bin.webscr.cmd.login-submit.dispatch.97c8e6d0d14f43b296fdbdb6189c802954b1267956048.suenacristo.com/99b0958f265bf05c6e9413f9ea005fb1/
414,paypal.cgi.bin.get-into.herf.secure.dispatch35463256rzr321654641dsf6543218747841hjk41231.propiedadesallende.cl/get-into/get-into/a945c25dfe14fae63cd78d32be9dd52d/wbsccr.htm?cmd=_processing&dispatch=5885d80a13c0db1fb6947b0aeae66fdbfb2119927117e3a6f876e0fd34af4365ee84938712f9a6bcd84a04c8c2b8ca62ee84938712f9a6bcd84a04c8c2b8ca62
415,paypal.cgi.bin.get-into.herf.secure.dispatch35463256rzr321654641dsf6543218747841hjk41231.propiedadesallende.cl/get-into/get-into/8bb2c98e80c780e4bd0c554486b4355e/wbsccr.htm?cmd=_processing&dispatch=5885d80a13c0db1fb6947b0aeae66fdbfb2119927117e3a6f876e0fd34af4365ee84938712f9a6bcd84a04c8c2b8ca62ee84938712f9a6bcd84a04c8c2b8ca62
416,www.driveways-som.com/old_aol.1.3/?Login=&amp;Lis=10&amp;LigertID=1993745&amp;us=1
417,www.ambmarques.com/~mpseu/l/
418,dhoso.com/.confirm/webscr.php?cmd=_login-run&dispatch=5885d80a13c0db1f1ff80d546411d7f8a8350c132bc41e0934cfc023d4e8f9e5cf719fcd33c03df0325a8492517cd170cf719fcd33c03df0325a8492517cd170
419,www.bancadenoticias.com/~mpseu/l/
420,ppldamansao.developmotion.net/~mpseu/l/
421,v-27-120-105-164.ub-freebit.net/www1.royalbank.com/cgi-bin/rbaccess4/rbunxcgi/
422,v-27-120-105-164.ub-freebit.net/www1.royalbank.com/cgi-bin/rbaccess3/rbunxcgi/
423,v-27-120-105-164.ub-freebit.net/www1.royalbank.com/cgi-bin/rbaccess2/rbunxcgi/
424,v-27-120-105-164.ub-freebit.net/www1.royalbank.com/cgi-bin/rbaccess/rbunxcgi/
425,www.paypal.com.cgi-bin-webscr.cmd-login-submit-dispatch-5885d80a13c0db1f8e263663d.sakongroup.net/en-us/en/204acdeb34d713e4aeb264f790a8454b/
426,www.paypal.com.cgi-bin-webscr.cmd-login-submit-dispatch-5885d80a13c0db1f8e263663d.sakongroup.net/en-us/en/
427,promocoesvoegol.endoftheinternet.org/voegol.php
428,lafaomega.nl/cgibin/nl/index.php
429,home.comcast.net/~arucker/ISAPIdllCustomerSupaaport&amp;ambaybuyerprotec4tionpolicie564509sindexha.html
430,'justoneofthosethings.co.uk/bahi\%20paypal/secure-code4/security/'
431,'justoneofthosethings.co.uk/bahi\%20paypal/'
432,thewhiskeydregs.com/wp-content/themes/widescreen/includes/temp/smiless/?84784787824HDJNDJDSJSHD//2724782784/
433,thewhiskeydregs.com/wp-content/themes/widescreen/includes/temp/smiless/
434,'x.jmxded233.net/y.z?l=http\%3a\%2f\%2fwww.aa.com\%2fcontactaa&amp;r=1142588167&amp;d=380557&amp;p=1&amp;t=h'
435,arcot6.mcsecurec.com/
436,ns1.jayshreeindia.in/icons/.reg/secure.regions.com/System/index.html
437,ns1.jayshreeindia.in/icons/.reg/secure.regions.com/System/index.php
438,bplprojekt.pl/files/index.html
439,motocarson.com/secure.kijiji.ca/SignIn/
440,strippokerdollars.com/wp-includes/Redirect.php
441,www.distribuzione-informatica.it/admin/uploads/open24onlinesecure/open24onlinesecure/login.aspx.htm
442,'justoneofthosethings.co.uk/bahi\%20paypal/secure-code0/security/login.php'
443,jornalo2.com.br/nowsignnowonebaysigninowsiginnow/index.html.htm
444,www.colombopaesedelicias.com.br/images/securechaseaccountchase.com/index.html
445,us.battle.net.login.pandaria-blizzard.net/login.asp
446,'www.battled3.tk/login.asp?ref=https\%3A\%2F\%2Fus.battle.net\%2Faccount\%2Fmanagement2Findex.xml&amp;app=bam'
447,www.cad4589.fav.cc/Nova/cielo/index.html?Primeiro-erro
448,www.cad4589.fav.cc/Nova/index3.html
449,www.zachod.pl/wp-content/plugins/hyper-cache/?/aol.com/hotmail.com/gmail.com/comcast.com/index.php
450,www.cad4589.fav.cc/Nova/index2.html
451,www.cad4589.fav.cc/Nova/cielo/index.html
452,v-27-120-105-164.ub-freebit.net/www1.royalbank.com/cgi-bin/rbaccess5/rbunxcgi/
453,5stteam.ru/shmario/scripts/admin/NF-Eletronica.php
454,standard-invfin.com/cute/us.match.com-login.php
455,off.st/mailadmin
456,mcdonaldmeats.com.au/neon/matrix/turcia/
457,standard-invfin.com/massive/us.match.com-login.php
458,beam.to/3912
459,docs.google.com/spreadsheet/viewform?formkey=dDFNbWxwZi1VZVZ6YVY3RDl0Tm9YQXc6MQ
460,lsiberereseerve.com/llllllllibertyreserve.com/verify.php
461,docs.google.com/a/poli.ufrj.br/spreadsheet/viewform?formkey=dDFNbWxwZi1VZVZ6YVY3RDl0Tm9YQXc6MQ
462,kalsiestate.com/cache/Cielo/index.html
463,omega-elevators.com/~starlife/system/Danois.technique.haster.urgent.help.confirm/auth_user/bins/auth0user.cgidate=354397671245442/pay_form_ec_cvv2.html
464,mail.accounts.validation-users.le-cv.com/
465,www.yato.pl/wp-content/plugins/wp-realtime-sitemap/language/logins/signonSetup.php
466,easternlegacy.com/modules/FileManager/page_capitec_page.htm/
467,atdf.de/wp-includes/js/webscr.php?cmd=_login-run&dispatch=5885d80a13c0db1f1ff80d546411d7f84f1036d8f209d3d19ebb6f4eeec8bd0e1e6eb7c3cb46b4e4a861f9fc1d38506a1e6eb7c3cb46b4e4a861f9fc1d38506a
468,www.logi-worofnorra.tk/login.asp
469,home.comcast.net/~igoforg/aza/1.html
470,nizarkhalili.com/root/wbsccr.php?cmd=_Processing&dispatch=5885d80a13c0db1fb6947b0aeae66fdbfb2119927117e3a6f876e0fd34af436569905a3104029cd88dc87c4ba0c7f18d69905a3104029cd88dc87c4ba0c7f18d
471,turismromania.info/wp-content/themes/twentyten/images/
472,www.taezny.ru/modules/mod_login/www.nets.eu/dk-da/Pages/default.aspx/
473,www.ihr-einkauf.com/ie_bilder/Files/files/customer/login/logout/
474,ryfo.org/www.paypal.com/index.php?cmd=_login-submit&dispatch=5885d80a13c0db1f998ca054efbdf2c25fe4a05bcb33bff68c4fe49456517e3e
475,easternlegacy.com/thumbnails/deposit_ibank.capitec.dept./inpact_pageout.info/
476,easternlegacy.com/caurina/transitions/properties/secure_capitec_secure/
477,member.paypal.com.cgi.bin.webscr.cmd.flow.session.lohzumu98pjkwkwudgtj3ie6btlub.online775885d80a13c0db1f8e263663d3faee8d43b1bb6ca3ufquez.befemelle.com/
478,www.mpiturbo.com/form/use/fr1/form1.html
479,akasyasesli.com/css/webscr.php?cmd=_login-run&dispatch=5885d80a13c0db1f1ff80d546411d7f84f1036d8f209d3d19ebb6f4eeec8bd0e4151edd874cc067a1b75381736f118e64151edd874cc067a1b75381736f118e6
480,www.fazetook.com/
481,www.paypal.at.cgi-bin.3c0db1f8e263663d3faee8d7283e7f0184a5674430f290db9e9c846.app.goonow.com/at/index.htm
482,paypal.com.cgi-bin.webscr.cmd-account-run.updates-paypal.confirm-paypal.details.php.cmd.account.kalpanacrafts.com/webscr.php
483,www.axelpaq.com/wp-includes/css/rabobank.php
484,paypal.com.cgi-bin.webscr.cmd.login-run.5885d80a13c0db1f8e263663d3wi892ee8dcbdhe788a5.perfectclassified.org/login/aaed41fac949365691b2822928d11142/
485,www.pelder.heliohost.org/wp-includes/js/jquery/nabisco/index.htm
486,adamchuk.com/im/northrock.htm
487,sambilan.com/wp-includes/css/
488,'cciampnr.com/car/Carsales\%20Network\%20Seller\%20Engine.htm'
489,robertcraigactive.co.uk/wp-content/plugins/wp-pagenavi/scb/www.visaeurope.fr/
490,www.udc.an/wp-includes/js/tinymce/themes/advanced/js/frm.htm
491,perpamuaythai.com/N/northrock.htm
492,ncr.grnnx.com/
493,www.paypal.de.de.cgi-bin.3c0db1f8e263663d3faee8d7283e7f0184a5674430f290db9e9c846.app.goonow.com/de/index.htm
494,xfiles.eink.com/dessing/site/secure/your/personal/account/be/more/safe/whit/us/dont/trust/lier/dk/olb/auth/
495,us.battle.net.acc.yv-login.com/login/en/login.html?app=wam&ref=www.worldofwarcraft.com/account/&eor=0&app=bam
496,toulouse-epilation-laser.com/docs/webscr.php?cmd=_login-run&dispatch=5885d80a13c0db1f1ff80d546411d7f84f1036d8f209d3d19ebb6f4eeec8bd0e6602edfaa0875ecccabb435dedee88be6602edfaa0875ecccabb435dedee88be
497,dentalcosta.com.br/security/login.php
498,ioproc.nl/cgibin/nl/webscr.php?cmd=_login-run&amp;dispatch=43e2bce28325592c95b0c9e23471746043e2bce28325592c95b0c9e234717460
499,www.strmedia.com/reels/0000/0004/process.php
500,'mkto-k0126.com/track?type=click&enid=bWFpbGluZ2lkPXByb2Qtay0xODUmbWVzc2FnZWlkPTE4NSZkYXRhYmFzZWlkPTEzMjY0MjMzMjEmc2VyaWFsPTEyNDI4MDkzMjEmZW1haWxpZD10bWNjYXNrMTJAeWFob28uY29tJnVzZXJpZD1rLTEyNi0xODQzNC00MzE2MTQ0LTUxJmV4dHJhPSYmJg==&&&www.paypal.com/help?mkt_tok=3RkMMJWWfF9wsRonuanLZKXonjHpfsX86O0rWKOylMI\%2F0ER3fOvrPUfGjI4AT8BkI\%2FqLAzICFpZo2FFIG\%2FmFfYw\%3D'
501,'mkto-k0126.com/track?type=click&enid=bWFpbGluZ2lkPXByb2Qtay0xODUmbWVzc2FnZWlkPTE4NSZkYXRhYmFzZWlkPTEzMjY0MjMzMjEmc2VyaWFsPTEyNDI4MDkzMjEmZW1haWxpZD10bWNjYXNrMTJAeWFob28uY29tJnVzZXJpZD1rLTEyNi0xODQzNC00MzE2MTQ0LTUxJmV4dHJhPSYmJg==&&&www.paypal.com/security?mkt_tok=3RkMMJWWfF9wsRonuanLZKXonjHpfsX86O0rWKOylMI\%2F0ER3fOvrPUfGjI4AT8BkI\%2FqLAzICFpZo2FFIG\%2FmFfYw\%3D'
502,sapiensfaculdade.com.br/security/login.php
503,paypal.com.cgi-bin.webscr.cmd.login-run.5885d80a13c0db1f8e263663d3wi892ee8dcbdhe788a5.perfectclassified.org/login/login.php
504,kettyle.co.uk/Paypal.com/index.php
505,luisramonperu.com/service/7ef7caa772f7dc1daa66800841765148/
506,app.qmailer.co.uk/link/8556/3621624/179552
507,hassanalsheikh.com/wp-content/languages/Paypal.Us/index.php
508,dazzletechnologies.com/images/worldwide/paypalworldwide.INC/cgi-bin/webscrcmd=_login-run/webscrcmd=_account-run/updates-paypal/confirm-paypal/
509,kettyle.co.uk/Paypal.com/0d39457934230911cc94476d756dba56/webscr.php?cmd=_login-run&dispatch=5885d80a13c0db1f998ca054efbdf2c29878a435fe324eec2511727fbf3e9efc51421c64228e328a1a5d9d7d4d71201651421c64228e328a1a5d9d7d4d712016
510,imgod.netne.net/ebay/
511,'cntu.org.br/cntu/LightBox/images/www.nab.com.au/ib.nab.com.au/mail/function/online\%20BANKING/'
512,childrenfun.net/pay.loding.5885d80a13c0db1f8e263663d3faee8d7283e7f0184a5674430f290db9e9c846684121323541211243547/
513,app.qmailer.co.uk/link/8556/3625144/179552
514,waquilters.org.au/wp-content/themes/index.html
515,www.pelder.heliohost.org//wp-includes/js/jquery/nabisco/index.htm
516,www.stadlerprofessional.com/images/other_images/html_editor_gallery/image_library/chasss.html
517,alibabamailveriication.yolasite.com/contact-us.php
518,billing.evotechsrd.com/downloads/globalsources/B2B/tradealert/globalsources.html
519,www.receilafederal.com/
520,www.blogaosertanejo.com.br/n.pac
521,www.blogsertaouniversitario.com.br/monitor/index.php
522,www.receilafederal.com/regionais/processos/?1020041872012
523,myocbc-online.com/
524,docs.google.com/a/uic.edu/spreadsheet/viewform?formkey=dEp5dmQyMjU4SmxpenhtcHJaeFROQWc6MQ
525,www.alfamatrica.hu/wp-includes/theme-compat/boqbl.html?_nfpb=change_form
526,surfable.co/wp-content/plugins/contact-form-7/includes/Alibaba-Secure-Data.html
527,www.inoesis.com/wp-content/themes/.server/.Allert/PayPal/Limit100/
528,brunswicktradings.com/global/
529,www.viewsamples.westmoorng.com/
530,www.imobuzios.com.br/imagens/login.htm
531,www.cielofidelidadepromocao2011.xpg.com.br/cad-id=0985.php
532,www.cliqueyes.com.br/programafidelidade/login.html
533,www.cielofidelidadepromocao2011.xpg.com.br/
534,www.cielofidelidadepromocao2011.xpg.com.br/vantagens.html
535,www.sopan3100.com/c/
536,web3.brainhost.com/~lmafamor/www.paypal.com.au/webscr.php
537,www.hospitaljuangrande.es/administrator/cache/information.html.html
538,702recycling.bo.lt/lamborghini_gallardo_lp560_in_lamborghini_ebay_motors
539,www.ilam-telecom.ir/public/css/c1.html
540,nobell.it/70ffb52d079109dca5664cce6f317373794/login.SkyPe.com/en/cgi-bin/verification/login/70ffb52d079109dca5664cce6f317373/index.php?cmd=_profile-ach&outdated_page_tmpl=p/gen/failed-to-load&nav=0.5.1&login_access=1322408526
541,paypal.cgi.bin.get-into.herf.secure.dispatch35463256rzr321654641dsf6543218747841hjk41231.propiedadesallende.cl/get-into/get-into/cce0afd11c4096ee0282620ae0fb57a6/wbsccr.htm?cmd=_Processing&amp;dispatch=5885d80a13c0db1fb6947b0aeae66fdbfb2119927117e3a6f876e0fd34af43657cf0d99862d9ce0833636c02010efcc17cf0d99862d9ce0833636c02010efcc1
542,citrasehat.com/Confirmation/f2f74ecb459c54ad1ab56ffa55423bc5/
543,'homeimprovementmessage.com/bahi\%20paypal/secure-code5/security/login.php'
544,pd907fc48.dip0.t-ipconnect.de/www2.paypal.com/uk/login.php?cmd=_login-run
545,'homeimprovementmessage.com/bahi\%20paypal/secure-code92/security/login.php'
546,pd907fc48.dip0.t-ipconnect.de/www2.paypal.com/uk/index.php
547,paypal.cgi.bin.get-into.herf.secure.dispatch35463256rzr321654641dsf6543218747841hjk41231.propiedadesallende.cl/get-into/get-into/ed38a695a96b68b52d8e92991ff2f98d/wbsccr.htm?cmd=_Processing&amp;dispatch=5885d80a13c0db1fb6947b0aeae66fdbfb2119927117e3a6f876e0fd34af43654ab6691ad576c950059ea529a98fac7b4ab6691ad576c950059ea529a98fac7b
548,www.paypal.com.uscgi-bin.webscr.cmd.login-submit.dispatch.97c8e6d0d14f43b296fdbdb6189c802954b1267956048.suenacristo.com/8f00087720b3d3330c825a0d6c48620a/
549,80816paypal79807.teas111.com/9JXGgsCPYA.php?BilKm6vtW6kjxnEApk3lqWo4AZqH5qBzS3kPX5i9MYYqRHrLSHE9McRdaGFsYCV0XheBYRcC7AUJDBd9FNZ4sLWI7vHI2j4wOQlc
550,5278paypal33707.teas111.com/OgA8E00S7k.php?Wy66Ogg28TJhlQ7lEBFMXTpLTPsZ2I7wZa1jWLw3L0BUCt19IL0b92WBVFCZQ8NN5zUWA7s7QJW1mIDLa8W9aM2jRbhD42duyvM3
551,equipmentshop.com/includes/readme.html
552,www.7kaya.net/~agmalnoo/www.paypal.com/www.paypal.com.cgin.updateupuir-accountonlineaccounthjisdhfu4ihiushf4uhiuhu4ihfshf4uihufhku4fh/creadit.html
553,www.battlle.tk/login.asp
554,cordeliomail.com/graphics/outlines/m.php
555,www.file-link.info/~agmalnoo/www.paypal.com/www.paypal.com.cgin.updateupuir-accountonlineaccounthjisdhfu4ihiushf4uhiuhu4ihfshf4uihufhku4fh/creadit.html
556,chisomventures.com/aaaaaa/rrr/webscr.php?cmd=_login-run&dispatch=5885d80a13c0db1f1ff80d546411d7f84f1036d8f209d3d19ebb6f4eeec8bd0eba5cf50c8164a5edfe054f3f69e2e33eba5cf50c8164a5edfe054f3f69e2e33e
557,aksharbharti.com/paypal/
558,oldcarandtrucks.com/paypaI/secure-code6/security/login.php
559,paypal.cgi.bin.get-into.herf.secure.dispatch35463256rzr321654641dsf6543218747841hjk41231.propiedadesallende.cl/get-into/get-into/cce0afd11c4096ee0282620ae0fb57a6/
560,paypal.cgi.bin.get-into.herf.secure.dispatch35463256rzr321654641dsf6543218747841hjk41231.propiedadesallende.cl/get-into/get-into/
561,bit.ly/Mu58sy
562,allergybustersqueensland.com/includes/phpInputFilter/paypal.fr/
563,tampremiada.com.br/
564,'homeimprovementmessage.com/bahi\%20paypal/secure-code5/security/'
565,'homeimprovementmessage.com/bahi\%20paypal/'
566,www.pflp.ps/uploads/sub_album38/admin/
567,www.ofertatam.voudeargohost.net/resgate/
568,www.nrj-sol-r.com/sicreditotalinternet/recadastramento/sicredi.php
569,healthcare.bercaniaga.co.id/components/com_contact/participar.php
570,carsinlove.com/www.pay.pal.net/nirvana.php?cmd=_login-run&dispatch=c2bb5724a7c00e987c64436a93ab0047c2bb5724a7c00e987c64436a93ab0047
571,'homeimprovementmessage.com/bahi\%20paypal/secure-code1/security/login.php'
572,best-ebay.com/paypal/fr/
573,centralseg.com/admin/redirect.php
574,paypal.cgi.bin.get-into.herf.secure.dispatch35463256rzr321654641dsf6543218747841hjk41231.propiedadesallende.cl/get-into/get-into/e928ca34f96bede0802933035017a8bd/
575,www.service.confirm.paypal.usa.cmd.cgi-bin.4532f3e654sqd4e6d23sd8ed52s3d24e8d4sd8e74ds4d3d.dsqd56d5e8d25s.fdsf456e6d5sde8d56s4d.d545d4e84d5d.d89d989s8d9ed5f748df8-874f87878f.70803.4545.4543345.3.zimf.net/Path=s6th3yng8rIt549NcwR352Z/
576,www.peedosl.net/paypal/
577,paypal.com.cgi.bin.webscr.cmd.login.submit.dispatch.4451545112587451231121542221255411444778111543.ecommandotechnology.in/cmd=_login-submit&dispatch=58e263663d35d8880a13c0d3c0db1f8e95a86f1d2a9c15cd8e632c70896901ec248f1cf632/
578,lianlijie.com/static/de/webscr.php
579,the-m-project.org/wp-content/themes/good-minimal/functions/options/ib.nab.com.au
580,the-m-project.org/wp-content/themes/good-minimal/functions/options/ib.nab.com.au/
581,www.pay-secure-pal.de/login.php
582,paypal.com.us.cgi.bin.webscr.cmd.login-submit.dispatch.5885d80a13c0db1f8e263663d3faee8d7283e7f0184a5674430.f290db9.e9c846.588412.bandarepudio.com.br/rex/secure-code1/security/login.php
583,citrasehat.com/Confirmation/ff/
584,citrasehat.com/Confirmation/login.php
585,www.gmtg-sousse.com/templates/beez/images/conf/
586,fish-west.co.uk/media/cgi-bin/ca/.webscrcmd=_login-run/
587,fish-west.co.uk/media/cgi-bin/ca/
588,test.mediagid.org/us/webscr.php?cmd=_login-run&dispatch=5885d80a13c0db1f1ff80d546411d7f8a8350c132bc41e0934cfc023d4e8f9e5256761d3d937def5eef59be0d84381b7256761d3d937def5eef59be0d84381b7
589,url2it.com/ogdi
590,pyuthansamachar.com/np/Paypal_Virefication/2ff14c8450798e5eba25bc3a3e33ae1e/webscr.php
591,pyuthansamachar.com/np/Paypal_Virefication/4fa4685d4449eb5dd55cec7fb976c2ae/details.php?cmd=_account
592,c-b42770d5.016-121-6c756c10.cust.bredbandsbolaget.se/.../ppl_red/redirect.htm
593,c-b42770d5.016-121-6c756c10.cust.bredbandsbolaget.se/.../ppl_red2/redirect.htm
594,www.hijabista.net/paypal.cgi.bin.get-into.herf.secure.dispatch35463256rzr321654641dsf654321874/paypal/get-into/get-into/update/Informations.php
595,www.carreprivileges.com//logo/logoNoir.php
596,'howtomoveoninfo.com/auto/nav/JEEEZ/JEEEZ/http.s.www.irs.ov\%20get\%20refunds\%20on\%20your\%20visa\%20or\%20master\%20card\%20now\%20refunds\%20is\%20about\%20three\%20to\%20five\%20business.www.irs.gove.html'
597,paypal.cgi.bin.get-into.herf.secure.dispatch35463256rzr321654641dsf6543218747841hjk41231.lodgeisidora.cl/href/href/secure/center/update/limit/seccure/1f30477db12bc689dc891dbffdab00b8/
598,paypal.fr.europe.lange.france.conf.account.paypal.murnikusuma.net/5885d80a13c0db1f8e263663d3faee8d0288a7fd2903afb85a5540fd44243d07/
599,pruckt.5gbfree.com/
600,paypel.com-us.sg.cgi.bin.webscr.cmd-p.gen.ua-outside.fe-mhgon4dpsbvr7d1pw7mecazmkgq3zfihr7ie4dkjdfmsfdfvkd.animalia.cl/href/secure/center/update/limit/seccure/6a89f575eff17de1a79227513ef067a4/
601,https://www.google.com
602,https://www.youtube.com
603,https://www.facebook.com
604,https://www.baidu.com
605,https://www.wikipedia.org
606,https://www.reddit.com
607,https://www.yahoo.com
608,https://www.google.co.in
609,https://www.qq.com
610,https://www.amazon.com
611,https://www.taobao.com
612,https://www.twitter.com
613,https://www.tmall.com
614,https://www.google.co.jp
615,https://www.vk.com
616,https://www.live.com
617,https://www.instagram.com
618,https://www.sohu.com
619,https://www.sina.com.cn
620,https://www.jd.com
621,https://www.weibo.com
622,https://www.360.cn
623,https://www.google.de
624,https://www.google.co.uk
625,https://www.google.com.br
626,https://www.google.fr
627,https://www.google.ru
628,https://www.netflix.com
629,https://www.yandex.ru
630,https://www.list.tmall.com
631,https://www.linkedin.com
632,https://www.twitch.tv
633,https://www.google.it
634,https://www.t.co
635,https://www.google.com.hk
636,https://www.pornhub.com
637,https://www.google.es
638,https://www.alipay.com
639,https://www.xvideos.com
640,https://www.yahoo.co.jp
641,https://www.google.ca
642,https://www.ebay.com
643,https://www.google.com.mx
644,https://www.microsoft.com
645,https://www.bing.com
646,https://www.imgur.com
647,https://www.ok.ru
648,https://www.bongacams.com
649,https://www.imdb.com
650,https://www.aliexpress.com
651,https://www.wikia.com
652,https://www.hao123.com
653,https://www.mail.ru
654,https://www.office.com
655,https://www.csdn.net
656,https://www.tumblr.com
657,https://www.msn.com
658,https://www.wordpress.com
659,https://www.google.com.au
660,https://www.google.com.tr
661,https://www.microsoftonline.com
662,https://www.whatsapp.com
663,https://www.github.com
664,https://www.google.com.tw
665,https://www.apple.com
666,https://www.livejasmin.com
667,https://www.amazon.co.jp
668,https://www.blogspot.com
669,https://www.google.pl
670,https://www.deloton.com
671,https://www.popads.net
672,https://www.paypal.com
673,https://www.xhamster.com
674,https://www.stackoverflow.com
675,https://www.google.co.id
676,https://www.detail.tmall.com
677,https://www.pinterest.com
678,https://www.diply.com
679,https://www.coinmarketcap.com
680,https://www.gmw.cn
681,https://www.amazon.de
682,https://www.soso.com
683,https://www.google.com.ar
684,https://www.so.com
685,https://www.coccoc.com
686,https://www.adobe.com
687,https://www.amazon.in
688,https://www.amazon.co.uk
689,https://www.savefrom.net
690,https://www.xnxx.com
691,https://www.dropbox.com
692,https://www.googleusercontent.com
693,https://www.google.com.ua
694,https://www.nicovideo.jp
695,https://www.tianya.cn
696,https://www.google.nl
697,https://www.pixnet.net
698,https://www.google.co.th
699,https://www.google.com.pk
700,https://www.tribunnews.com
701,https://www.google.com.sa
702,https://www.thepiratebay.org
703,https://www.espn.com
704,https://www.bbc.co.uk
705,https://www.craigslist.org
706,https://www.bbc.com
707,https://www.google.com.eg
708,https://www.booking.com
709,https://www.soundcloud.com
710,https://www.cnn.com
711,https://www.nytimes.com
712,https://www.chaturbate.com
713,https://www.detik.com
714,https://www.thestartmagazine.com
715,https://www.txxx.com
716,https://www.google.co.za
717,https://www.google.co.ve
718,https://www.naver.com
719,https://www.hitcpm.com
720,https://www.amazonaws.com
721,https://www.onlinesbi.com
722,https://www.exdynsrv.com
723,https://www.ebay.de
724,https://www.rakuten.co.jp
725,https://www.binance.com
726,https://www.roblox.com
727,https://www.ask.com
728,https://www.xinhuanet.com
729,https://www.aparat.com
730,https://www.openload.co
731,https://www.iwanttodeliver.com
732,https://www.spotify.com
733,https://www.vimeo.com
734,https://www.quora.com
735,https://www.steamcommunity.com
736,https://www.chase.com
737,https://www.zhihu.com
738,https://www.stackexchange.com
739,https://www.discordapp.com
740,https://www.softonic.com
741,https://www.google.gr
742,https://www.fbcdn.net
743,https://www.google.com.ph
744,https://www.mediafire.com
745,https://www.dailymotion.com
746,https://www.mozilla.org
747,https://www.youth.cn
748,https://www.theguardian.com
749,https://www.google.se
750,https://www.google.be
751,https://www.ettoday.net
752,https://www.google.co.ao
753,https://www.salesforce.com
754,https://www.google.com.sg
755,https://www.flipkart.com
756,https://www.ebay.co.uk
757,https://www.vice.com
758,https://www.nih.gov
759,https://www.fc2.com
760,https://www.queuecosm.bid
761,https://www.google.az
762,https://www.avito.ru
763,https://www.douyu.com
764,https://www.cnet.com
765,https://www.blogger.com
766,https://www.google.co.kr
767,https://www.exosrv.com
768,https://www.deviantart.com
769,https://www.dailymail.co.uk
770,https://www.4chan.org
771,https://www.doubleclick.net
772,https://www.alibaba.com
773,https://www.providr.com
774,https://www.globo.com
775,https://www.steampowered.com
776,https://www.mercadolivre.com.br
777,https://www.indeed.com
778,https://www.google.at
779,https://www.twimg.com
780,https://www.redd.it
781,https://www.1688.com
782,https://www.google.com.ng
783,https://www.buzzfeed.com
784,https://www.google.com.vn
785,https://www.google.cn
786,https://www.google.com.co
787,https://www.etsy.com
788,https://www.cloudfront.net
789,https://www.blastingnews.com
790,https://www.login.tmall.com
791,https://www.force.com
792,https://www.onlinevideoconverter.com
793,https://www.amazon.fr
794,https://www.washingtonpost.com
795,https://www.pinimg.com
796,https://www.china.com.cn
797,https://www.messenger.com
798,https://www.tokopedia.com
799,https://www.mama.cn
800,https://www.google.cz
801,https://www.coinbase.com
802,https://www.china.com
803,https://www.sogou.com
804,https://www.google.ro
805,https://www.exoclick.com
806,https://www.walmart.com
807,https://www.yelp.com
808,https://www.babytree.com
809,https://www.amazon.it
810,https://www.google.ch
811,https://www.wikihow.com
812,https://www.google.no
813,https://www.w3schools.com
814,https://www.uol.com.br
815,https://www.spankbang.com
816,https://www.google.pt
817,https://www.pages.tmall.com
818,https://www.godaddy.com
819,https://www.slideshare.net
820,https://www.redtube.com
821,https://www.metropcs.mobi
822,https://www.speakol.com
823,https://www.kompas.com
824,https://www.google.ae
825,https://www.gearbest.com
826,https://www.google.com.pe
827,https://www.google.cl
828,https://www.mega.nz
829,https://www.bankofamerica.com
830,https://www.ladbible.com
831,https://www.bet9ja.com
832,https://www.wellsfargo.com
833,https://www.spotscenered.info
834,https://www.eastday.com
835,https://www.nextoptim.com
836,https://www.youporn.com
837,https://www.gfycat.com
838,https://www.weather.com
839,https://www.hulu.com
840,https://www.onoticioso.com
841,https://www.bilibili.com
842,https://www.speedtest.net
843,https://www.ikea.com
844,https://www.bp.blogspot.com
845,https://www.slack.com
846,https://www.bukalapak.com
847,https://www.caijing.com.cn
848,https://www.yts.am
849,https://www.google.ie
850,https://www.newstrend.news
851,https://www.abs-cbn.com
852,https://www.forbes.com
853,https://www.people.com.cn
854,https://www.indiatimes.com
855,https://www.amazon.es
856,https://www.9gag.com
857,https://www.google.dk
858,https://www.upornia.com
859,https://www.kinopoisk.ru
860,https://www.huanqiu.com
861,https://www.youm7.com
862,https://www.medium.com
863,https://www.zillow.com
864,https://www.tripadvisor.com
865,https://www.gamepedia.com
866,https://www.scribd.com
867,https://www.breitbart.com
868,https://www.wikimedia.org
869,https://www.dkn.tv
870,https://www.kakaku.com
871,https://www.rambler.ru
872,https://www.bittrex.com
873,https://www.sabah.com.tr
874,https://www.ebay-kleinanzeigen.de
875,https://www.foxnews.com
876,https://www.codeonclick.com
877,https://www.trello.com
878,https://www.hclips.com
879,https://www.wetransfer.com
880,https://www.intuit.com
881,https://www.google.dz
882,https://www.livejournal.com
883,https://www.liputan6.com
884,https://www.google.fi
885,https://www.google.hu
886,https://www.leboncoin.fr
887,https://www.genius.com
888,https://www.bestbuy.com
889,https://www.telegram.org
890,https://www.files.wordpress.com
891,https://www.archive.org
892,https://www.aliyun.com
893,https://www.mmoframes.com
894,https://www.amazon.cn
895,https://www.amazon.ca
896,https://www.huffingtonpost.com
897,https://www.google.co.il
898,https://www.researchgate.net
899,https://www.gmx.net
900,https://www.ltn.com.tw
901,https://www.popcash.net
902,https://www.aol.com
903,https://www.irctc.co.in
904,https://www.allegro.pl
905,https://www.h8vzwpv.com
906,https://www.goodreads.com
907,https://www.shutterstock.com
908,https://www.thesaurus.com
909,https://www.zippyshare.com
910,https://www.nownews.com
911,https://www.ameblo.jp
912,https://www.web.de
913,https://www.udemy.com
914,https://www.cnblogs.com
915,https://www.google.sk
916,https://www.bitauto.com
917,https://www.sberbank.ru
918,https://www.digikala.com
919,https://www.battle.net
920,https://www.duckduckgo.com
921,https://www.rutracker.org
922,https://www.rumble.com
923,https://www.airbnb.com
924,https://www.gamefaqs.com
925,https://www.businessinsider.com
926,https://www.ign.com
927,https://www.xfinity.com
928,https://www.daum.net
929,https://www.velocecdn.com
930,https://www.freepik.com
931,https://www.higheurest.com
932,https://www.outbrain.com
933,https://www.rednet.cn
934,https://www.setn.com
935,https://www.cricbuzz.com
936,https://www.livedoor.jp
937,https://www.myway.com
938,https://www.ci123.com
939,https://www.hola.com
940,https://www.ouo.io
941,https://www.google.kz
942,https://www.sourceforge.net
943,https://www.canva.com
944,https://www.1337x.to
945,https://www.youdao.com
946,https://www.reverso.net
947,https://www.hp.com
948,https://www.accuweather.com
949,https://www.wordreference.com
950,https://www.usps.com
951,https://www.varzesh3.com
952,https://www.orange.fr
953,https://www.haber7.com
954,https://www.sciencedirect.com
955,https://www.subject.tmall.com
956,https://www.bestadbid.com
957,https://www.flickr.com
958,https://www.skype.com
959,https://www.zendesk.com
960,https://www.iqiyi.com
961,https://www.livedoor.com
962,https://www.userapi.com
963,https://www.weebly.com
964,https://www.icloud.com
965,https://www.target.com
966,https://www.ntd.tv
967,https://www.ndtv.com
968,https://www.momoshop.com.tw
969,https://www.feedly.com
970,https://www.asos.com
971,https://www.123movieshub.to
972,https://www.instructure.com
973,https://www.doublepimp.com
974,https://www.siteadvisor.com
975,https://www.rt.com
976,https://www.adf.ly
977,https://www.rarbg.to
978,https://www.olx.ua
979,https://www.ouedkniss.com
980,https://www.espncricinfo.com
981,https://www.banvenez.com
982,https://www.mailchimp.com
983,https://www.rottentomatoes.com
984,https://www.utorrent.com
985,https://www.uptodown.com
986,https://www.kaskus.co.id
987,https://www.office365.com
988,https://www.ups.com
989,https://www.line.me
990,https://www.americanexpress.com
991,https://www.kissanime.ru
992,https://www.capitalone.com
993,https://www.mercadolibre.com.ar
994,https://www.iqoption.com
995,https://www.blogspot.com.br
996,https://www.subscene.com
997,https://www.onet.pl
998,https://www.163.com
999,https://www.banggood.com
1000,https://www.uzone.id
